shrid2,connected_villages,num_connected_villages,num_connected_roads,road_index
11-24-468-03722-506476,"['11-24-468-03727-506925', '11-24-468-03727-506926', '11-24-468-03722-506474', '11-24-468-03722-506475', '11-24-468-03722-506471', '11-24-468-03722-506470']",6,2,"[1990, 1991]"
11-24-468-03723-506570,"['11-24-468-03723-506571', '11-24-468-03723-506589']",2,1,[2416]
11-24-468-03723-506622,"['11-24-468-03723-506621', '11-24-468-03723-506620']",2,1,[1995]
11-24-468-03724-506629,[],0,1,[337]
11-24-468-03724-506638,[],0,1,[1073]
11-24-468-03724-506688,"['11-24-468-03724-506691', '11-24-468-03724-506690']",2,1,[673]
11-24-468-03725-506699,"['11-24-468-03725-506694', '11-24-468-03725-506700', '11-24-468-03725-506696']",3,1,[1775]
11-24-468-03725-506702,[],0,1,[20]
11-24-468-03725-506713,['11-24-468-03725-506715'],1,1,[2326]
11-24-468-03726-506817,"['11-24-468-03726-506849', '11-24-468-03726-506842', '11-24-468-03726-506843', '11-24-468-03726-506841']",4,3,"[574, 1300, 1694]"
11-24-468-03728-507064,['11-24-468-03728-507063'],1,1,[1979]
11-24-468-03728-507096,"['11-24-468-03728-507082', '11-24-468-03728-507083', '11-24-468-03728-507084']",3,6,"[426, 767, 768, 1057, 1228, 2275]"
11-24-468-03728-507171,"['11-24-468-03728-507173', '11-24-468-03728-507174', '11-24-468-03728-507172']",3,1,[1970]
11-24-468-03728-507172,"['11-24-468-03728-507175', '11-24-468-03728-507176', '11-24-468-03728-507174', '11-24-468-03728-507171', '11-24-468-03728-507173']",5,3,"[766, 1060, 1970]"
11-24-468-03728-507180,['11-24-468-03728-507162'],1,1,[2264]
11-24-468-03728-507192,"['11-24-468-03729-507212', '11-24-468-03729-507211']",2,1,[1058]
11-24-468-03729-507270,"['11-24-468-03729-507278', '11-24-468-03729-507271']",2,1,[2415]
11-24-468-03730-507334,['11-24-468-03730-507314'],1,2,"[1071, 1072]"
11-24-469-03732-507453,[],0,1,[959]
11-24-469-03733-507592,['11-24-469-03733-507578'],1,1,[385]
11-24-469-03733-507605,[],0,1,[616]
11-24-469-03734-507647,"['11-24-469-03734-507632', '11-24-469-03734-507654']",2,2,"[731, 2312]"
11-24-469-03734-507652,"['11-24-469-03734-507648', '11-24-469-03734-507632', '11-24-469-03734-507631']",3,1,[1096]
11-24-469-03734-507664,"['11-24-469-03735-507699', '11-24-469-03734-507684', '11-24-469-03735-507700']",3,1,[1850]
11-24-469-03734-507686,"['11-24-469-03734-507665', '11-24-469-03734-507662', '11-24-469-03734-507683']",3,2,"[822, 1097]"
11-24-469-03735-507701,"['11-24-469-03735-507713', '11-24-469-03735-507705', '11-24-469-03735-507702', '11-24-469-03735-507718', '11-24-469-03735-507711', '11-24-469-03735-507704', '11-24-469-03735-507717', '11-24-469-03735-507703']",8,3,"[946, 1744, 1846]"
11-24-469-03735-507711,"['11-24-469-03735-507701', '11-24-469-03735-507718', '11-24-469-03735-507717', '11-24-469-03735-507705']",4,1,[1846]
11-24-469-03735-507715,"['11-24-469-03735-507716', '11-24-469-03735-507724']",2,1,[787]
11-24-469-03736-507783,"['11-24-469-03736-507767', '11-24-469-03736-507782']",2,2,"[22, 935]"
11-24-469-03736-507810,['11-24-469-03736-507813'],1,1,[1628]
11-24-469-03738-508045,[],0,1,[1863]
11-24-469-03739-508113,"['11-24-469-03735-507737', '11-24-469-03739-508114', '11-24-469-03735-507735', '11-24-469-03735-507728', '11-24-469-03736-507763']",5,1,[1847]
11-24-469-03740-508300,['11-24-469-03740-508301'],1,3,"[951, 1851, 1855]"
11-24-469-03741-508410,[],0,1,[1861]
11-24-469-03741-508414,[],0,1,[1860]
11-24-469-03741-508427,"['11-24-469-03740-508351', '11-24-469-03740-508353', '11-24-469-03740-508352', '11-24-469-03740-508354']",4,1,[1849]
11-24-469-03741-508435,"['11-24-469-03741-508439', '11-24-469-03741-508440']",2,1,[1852]
11-24-469-03743-508543,[],0,1,[1122]
11-24-469-03743-508547,[],0,1,[24]
11-24-470-03744-508670,"['11-24-470-03744-508667', '11-24-470-03744-508655']",2,1,[2045]
11-24-470-03745-508714,['11-24-470-03745-508712'],1,1,[2265]
11-24-470-03746-508746,[],0,1,[1569]
11-24-470-03747-508821,"['11-24-470-03747-508820', '11-24-470-03747-508848', '11-24-470-03747-508863', '11-24-470-03747-508850']",4,1,[102]
11-24-470-03747-508844,"['11-24-470-03747-508845', '11-24-470-03747-508867']",2,1,[59]
11-24-470-03747-508848,"['11-24-470-03747-508820', '11-24-470-03747-508821', '11-24-470-03747-508863', '11-24-470-03747-508850']",4,1,[102]
11-24-470-03747-508863,"['11-24-470-03747-508820', '11-24-470-03747-508821', '11-24-470-03747-508848', '11-24-470-03747-508850']",4,1,[102]
11-24-470-03747-508880,['11-24-470-03747-508909'],1,1,[758]
11-24-470-03747-508898,"['11-24-470-03747-508899', '11-24-470-03747-508900']",2,1,[2057]
11-24-470-03747-508899,"['11-24-470-03747-508898', '11-24-470-03747-508900']",2,1,[2057]
11-24-471-03752-509217,['11-24-471-03752-509216'],1,2,"[302, 2266]"
11-24-471-03752-509220,['11-24-471-03752-802459'],1,2,"[1080, 1098]"
11-24-471-03753-509267,[],0,1,[931]
11-24-471-03754-509328,[],0,1,[1998]
11-24-471-03755-509338,[],0,1,[11]
11-24-471-03755-509341,[],0,2,"[735, 1999]"
11-24-471-03759-509623,[],0,1,[643]
11-24-471-03759-509670,[],0,1,[1076]
11-24-471-03759-509695,['11-24-471-03759-509691'],1,4,"[330, 1077, 1078, 2370]"
11-24-472-03760-509764,"['11-24-472-03760-509748', '11-24-472-03760-509766', '11-24-472-03760-509781', '11-24-472-03760-509772', '11-24-472-03760-509765', '11-24-472-03760-509773', '11-24-472-03760-509767']",7,2,"[1151, 2225]"
11-24-472-03760-509773,"['11-24-472-03760-509748', '11-24-472-03760-509766', '11-24-472-03760-509781', '11-24-472-03760-509772', '11-24-472-03760-509764', '11-24-472-03760-509765', '11-24-472-03760-509767']",7,3,"[1151, 1761, 2225]"
11-24-472-03760-509775,['11-24-472-03760-509778'],1,1,[1987]
11-24-472-03760-509778,['11-24-472-03760-509775'],1,1,[1987]
11-24-472-03760-509781,"['11-24-472-03760-509764', '11-24-472-03760-509773']",2,1,[1151]
11-24-472-03760-509784,['11-24-472-03760-509790'],1,1,[2240]
11-24-472-03760-509790,['11-24-472-03760-509784'],1,1,[2240]
11-24-472-03760-509799,"['11-24-472-03760-509791', '11-24-472-03760-509800', '11-24-472-03760-509789', '11-24-472-03760-509804']",4,2,"[2082, 2083]"
11-24-472-03760-509818,"['11-24-472-03760-509833', '11-24-472-03760-509832']",2,2,"[2084, 2085]"
11-24-472-03760-509823,"['11-24-472-03760-509822', '11-24-472-03760-509820', '11-24-472-03760-509835']",3,1,[2086]
11-24-472-03760-509829,['11-24-472-03760-509828'],1,1,[2260]
11-24-472-03760-509832,"['11-24-472-03760-509833', '11-24-472-03760-509818']",2,1,[2085]
11-24-472-03761-509875,['11-24-472-03761-509874'],1,1,[1161]
11-24-472-03761-509892,"['11-24-472-03761-509900', '11-24-472-03761-509910', '11-24-472-03761-509909', '11-24-472-03761-509899']",4,1,[2096]
11-24-472-03763-510033,"['11-24-472-03763-510062', '11-24-472-03763-510034', '11-24-472-03763-510063']",3,1,[1994]
11-24-472-03764-510154,"['11-24-472-03761-509949', '11-24-472-03761-509947', '11-24-472-03761-509950', '11-24-472-03761-509946']",4,1,[1163]
11-24-472-03764-510158,"['11-24-472-03764-510171', '11-24-472-03764-510159', '11-24-472-03764-510170', '11-24-472-03764-510161']",4,1,[2217]
11-24-472-03764-510194,"['11-24-472-03764-510222', '11-24-472-03764-510218']",2,1,[1482]
11-24-472-03764-510225,['11-24-472-03764-510216'],1,1,[2263]
11-24-472-03764-510239,[],0,2,"[1284, 2404]"
11-24-472-03764-510244,"['11-24-472-03764-510269', '11-24-472-03764-510276']",2,2,"[1002, 1283]"
11-24-472-03764-510258,"['11-24-472-03764-510259', '11-24-472-03764-510286', '11-24-472-03765-510318']",3,1,[1493]
11-24-472-03764-510260,"['11-24-472-03764-510286', '11-24-472-03764-510222', '11-24-472-03765-510322', '11-24-472-03764-510259', '11-24-472-03764-510285', '11-24-472-03764-510252', '11-24-472-03764-510290', '11-24-472-03764-510253']",8,1,[2208]
11-24-472-03765-510318,"['11-24-472-03764-510259', '11-24-472-03764-510286', '11-24-472-03764-510258']",3,1,[1493]
11-24-472-03765-510323,"['11-24-472-03765-510344', '11-24-472-03765-510342', '11-24-472-03764-510308', '11-24-472-03765-510343', '11-24-472-03765-510341']",5,3,"[1124, 2231, 2408]"
11-24-472-03765-510324,"['11-24-472-03765-510325', '11-24-472-03765-510339']",2,1,[2244]
11-24-472-03765-510326,"['11-24-472-03765-510325', '11-24-472-03765-510321']",2,2,"[1174, 1178]"
11-24-472-03765-510355,"['11-24-472-03765-510332', '11-24-472-03765-510331', '11-24-472-03765-510360', '11-24-472-03765-510356', '11-24-472-03765-510357', '11-24-472-03765-510354', '11-24-472-03765-510330']",7,1,[2222]
11-24-472-03765-510357,"['11-24-472-03765-510332', '11-24-472-03765-510331', '11-24-472-03765-510360', '11-24-472-03765-510356', '11-24-472-03765-510355', '11-24-472-03765-510359', '11-24-472-03765-510358', '11-24-472-03765-510354', '11-24-472-03765-510330']",9,2,"[74, 2222]"
11-24-472-03765-510384,"['11-24-472-03765-510382', '11-24-472-03765-510362', '11-24-472-03765-510360', '11-24-472-03765-510361', '11-24-472-03765-510353', '11-24-472-03765-510386', '11-24-472-03765-510385']",7,2,"[1287, 2238]"
11-24-472-03765-510386,"['11-24-472-03765-510384', '11-24-472-03765-510394', '11-24-472-03765-510385']",3,2,"[2238, 2324]"
11-24-472-03765-510415,"['11-24-472-03765-510430', '11-24-472-03765-510431', '11-24-472-03765-510421', '11-24-472-03765-510422', '11-24-472-03765-510432', '11-24-472-03765-510429']",6,1,[1286]
11-24-472-03765-510432,"['11-24-472-03765-510430', '11-24-472-03765-510431', '11-24-472-03765-510421', '11-24-472-03765-510422', '11-24-472-03765-510415', '11-24-472-03765-510429']",6,1,[1286]
11-24-472-03765-510435,"['11-24-472-03765-510427', '11-24-472-03771-510912', '11-24-472-03771-510909', '11-24-472-03771-510907']",4,1,[304]
11-24-472-03765-510438,"['11-24-472-03765-510433', '11-24-472-03765-510437', '11-24-472-03765-510436']",3,1,[224]
11-24-472-03765-510439,"['11-24-472-03771-510939', '11-24-472-03765-510440', '11-24-472-03765-510436']",3,2,"[1351, 1363]"
11-24-472-03766-510498,"['11-24-472-03766-510500', '11-24-472-03766-510468', '11-24-472-03766-510467', '11-24-472-03766-510469']",4,1,[2076]
11-24-472-03766-510500,"['11-24-472-03766-510498', '11-24-472-03766-510468', '11-24-472-03766-510467', '11-24-472-03766-510469']",4,1,[2076]
11-24-472-03766-510570,['11-24-472-03766-510553'],1,1,[1622]
11-24-472-03766-510580,"['11-24-472-03768-510651', '11-24-472-03766-510574', '11-24-472-03768-510650', '11-24-472-03769-510804']",4,2,"[2054, 2073]"
11-24-472-03768-510671,"['11-24-472-03768-510670', '11-24-472-03770-510842', '11-24-472-03768-510682']",3,1,[2267]
11-24-472-03768-510711,[],0,1,[2053]
11-24-472-03769-510773,"['11-24-472-03769-510788', '11-24-472-03769-510748', '11-24-472-03769-510765', '11-24-472-03769-510747', '11-24-472-03769-510787', '11-24-472-03769-510797']",6,2,"[2188, 2239]"
11-24-472-03769-510788,"['11-24-472-03769-510787', '11-24-472-03769-510773', '11-24-472-03769-510797']",3,1,[2188]
11-24-472-03769-510792,"['11-24-472-03769-510791', '11-24-472-03769-510814']",2,1,[1297]
11-24-472-03769-510813,[],0,1,[2255]
11-24-472-03770-510847,['11-24-472-03770-510846'],1,1,[2402]
11-24-472-03770-510848,"['11-24-472-03770-510833', '11-24-472-03770-510836', '11-24-472-03770-510834', '11-24-472-03770-510837']",4,2,"[76, 2337]"
11-24-472-03772-511003,['11-24-472-03772-511025'],1,1,[93]
11-24-472-03772-511010,['11-24-472-03772-511021'],1,1,[858]
11-24-472-03772-511021,['11-24-472-03772-511010'],1,1,[858]
11-24-472-03772-511105,['11-24-472-03772-511113'],1,1,[2406]
11-24-472-03772-511113,['11-24-472-03772-511105'],1,1,[2406]
11-24-472-03772-511115,['11-24-472-03772-511114'],1,1,[2288]
11-24-473-03773-511162,"['11-24-473-03773-511158', '11-24-473-03773-511159', '11-24-473-03773-511163']",3,1,[1487]
11-24-473-03773-511182,['11-24-474-03780-511571'],1,1,[878]
11-24-473-03774-511194,['11-24-471-03756-509442'],1,1,[152]
11-24-473-03774-511206,[],0,1,[2421]
11-24-473-03775-511271,[],0,1,[2426]
11-24-473-03775-511272,[],0,1,[142]
11-24-474-03782-511647,['11-24-474-03782-511643'],1,1,[722]
11-24-474-03782-511661,['11-24-474-03782-511655'],1,1,[1660]
11-24-474-03783-511696,['11-24-474-03783-511697'],1,2,"[689, 860]"
11-24-474-03786-511872,[],0,2,"[376, 379]"
11-24-475-03788-511952,['11-24-475-03788-511953'],1,1,[1325]
11-24-475-03789-512017,[],0,3,"[404, 2110, 2111]"
11-24-475-03790-512073,[],0,4,"[213, 450, 1359, 1360]"
11-24-476-03799-512710,"['11-24-476-03801-512780', '11-24-476-03799-512704', '11-24-476-03799-512712']",3,2,"[2187, 2195]"
11-24-476-03801-512767,[],0,1,[199]
11-24-476-03801-512818,['11-24-476-03801-512833'],1,1,[442]
11-24-476-03801-512828,"['11-24-476-03801-512827', '11-24-476-03801-512829']",2,1,[2197]
11-24-476-03801-512833,['11-24-476-03801-512818'],1,2,"[384, 442]"
11-24-476-03802-512867,[],0,1,[1963]
11-24-476-03804-513043,['11-24-476-03804-513044'],1,1,[2070]
11-24-476-03806-513110,[],0,1,[1461]
11-24-476-03806-513115,[],0,1,[1962]
11-24-476-03809-513332,['11-24-476-03809-802505'],1,1,[777]
11-24-477-03812-513451,[],0,2,"[430, 770]"
11-24-477-03812-513458,"['11-24-477-03812-513468', '11-24-477-03812-513459', '11-24-477-03812-802510', '11-24-477-03812-513470']",4,1,[2157]
11-24-477-03813-513489,['11-24-477-03813-513509'],1,1,[2138]
11-24-477-03813-513509,"['11-24-477-03813-513515', '11-24-477-03813-513489']",2,5,"[1381, 1386, 1398, 2138, 2168]"
11-24-477-03813-513525,['11-24-477-03813-513524'],1,5,"[700, 1219, 1232, 1233, 2170]"
11-24-477-03813-513526,['11-24-477-03813-513535'],1,1,[2167]
11-24-477-03813-513535,['11-24-477-03813-513526'],1,1,[2167]
11-24-477-03814-513587,"['11-24-477-03816-513745', '11-24-477-03816-513757']",2,1,[2434]
11-24-477-03814-513614,"['11-24-477-03814-513639', '11-24-477-03814-513615']",2,2,"[170, 677]"
11-24-477-03814-513617,"['11-24-477-03814-513618', '11-24-477-03814-513619']",2,1,[1911]
11-24-477-03814-513618,"['11-24-477-03814-513617', '11-24-477-03814-513619']",2,1,[1911]
11-24-477-03814-513621,[],0,4,"[203, 1245, 2235, 2236]"
11-24-477-03814-513641,"['11-24-477-03814-513644', '11-24-477-03814-513642', '11-24-477-03817-513774']",3,3,"[120, 121, 1321]"
11-24-477-03814-513642,"['11-24-477-03814-513644', '11-24-477-03814-513641']",2,1,[1321]
11-24-477-03814-513646,[],0,3,"[141, 667, 749]"
11-24-477-03815-513680,['11-24-477-03815-513676'],1,1,[1946]
11-24-477-03815-513684,[],0,2,"[443, 445]"
11-24-477-03815-513697,[],0,2,"[444, 1038]"
11-24-477-03815-513712,"['11-24-477-03815-513713', '11-24-477-03815-513709']",2,1,[2256]
11-24-477-03815-513713,"['11-24-477-03815-513712', '11-24-477-03815-513709']",2,1,[2256]
11-24-477-03816-513756,"['11-24-477-03816-513757', '11-24-477-03816-513759']",2,1,[984]
11-24-477-03816-513757,"['11-24-477-03814-513587', '11-24-477-03816-513756', '11-24-477-03816-513759', '11-24-477-03816-513745']",4,5,"[169, 984, 1320, 2430, 2434]"
11-24-477-03817-513771,[],0,1,[1042]
11-24-477-03817-513774,"['11-24-477-03817-513770', '11-24-477-03814-513641']",2,4,"[121, 168, 1913, 1949]"
11-24-477-03817-513783,"['11-24-477-03817-513795', '11-24-477-03817-513784']",2,1,[2400]
11-24-477-03817-513804,['11-24-477-03817-513775'],1,2,"[75, 1039]"
11-24-477-03817-513828,"['11-24-477-03817-513826', '11-24-477-03817-513827']",2,1,[1037]
11-24-477-03817-513840,[],0,1,[1040]
11-24-477-03817-513842,['11-24-477-03817-513843'],1,1,[1036]
11-24-477-03817-513843,['11-24-477-03817-513842'],1,4,"[637, 1036, 1937, 2377]"
11-24-477-03817-513852,"['11-24-477-03817-513851', '11-24-476-03804-513041']",2,1,[1947]
11-24-477-03817-513858,"['11-24-476-03808-513274', '11-24-477-03817-513846']",2,1,[1948]
11-24-477-03817-513865,['11-24-477-03817-513864'],1,1,[734]
11-24-477-03817-513866,['11-24-476-03808-513277'],1,2,"[1041, 1591]"
11-24-477-03818-513886,['11-24-477-03818-513885'],1,1,[1043]
11-24-477-03818-513908,[],0,2,"[214, 653]"
11-24-477-03818-513911,"['11-24-477-03818-513903', '11-24-477-03818-513912']",2,1,[1951]
11-24-477-03818-513915,"['11-24-477-03818-513913', '11-24-477-03818-513914']",2,2,"[1015, 1772]"
11-24-477-03819-513949,"['11-24-477-03819-513961', '11-24-477-03819-513960']",2,1,[2165]
11-24-477-03819-513961,"['11-24-477-03819-513949', '11-24-477-03819-513960']",2,1,[2165]
11-24-477-03819-513972,['11-24-477-03819-513974'],1,2,"[499, 2166]"
11-24-477-03820-514007,['11-24-477-03820-514015'],1,2,"[1703, 1705]"
11-24-477-03820-514015,['11-24-477-03820-514007'],1,3,"[508, 1539, 1703]"
11-24-477-03820-514025,"['11-24-477-03820-514026', '11-24-477-03820-514038']",2,3,"[0, 545, 2425]"
11-24-477-03821-514101,"['11-24-477-03821-514121', '11-24-477-03821-514120']",2,4,"[1031, 1944, 1945, 2368]"
11-24-477-03821-514106,['11-24-477-03818-513929'],1,1,[1484]
11-24-477-03821-514107,['11-24-477-03818-513929'],1,1,[423]
11-24-477-03821-514114,['11-24-477-03821-514127'],1,1,[1942]
11-24-477-03821-514136,['11-24-477-03821-514139'],1,1,[1943]
11-24-477-03821-514139,['11-24-477-03821-514136'],1,1,[1943]
11-24-477-03821-514156,['11-24-477-03821-514162'],1,1,[1035]
11-24-477-03821-514162,"['11-24-477-03821-514156', '11-24-477-03821-514155', '11-24-477-03821-514157']",3,3,"[1035, 1909, 1910]"
11-24-478-03822-514191,"['11-24-478-03822-514193', '11-24-478-03822-514179', '11-24-478-03822-514178']",3,1,[718]
11-24-478-03824-514336,['11-24-478-03824-514334'],1,2,"[1529, 2343]"
11-24-479-03828-514539,"['11-24-479-03828-514538', '11-24-479-03828-514541', '11-24-479-03828-514535']",3,1,[1921]
11-24-479-03828-514541,"['11-24-479-03828-514538', '11-24-479-03828-514539', '11-24-479-03828-514535']",3,1,[1921]
11-24-479-03829-514639,['11-24-479-03829-514640'],1,1,[1954]
11-24-479-03832-514785,['11-24-479-03832-514787'],1,1,[1923]
11-24-479-03832-514816,['11-24-479-03833-514839'],1,1,[1609]
11-24-480-03840-515471,[],0,1,[891]
11-24-480-03843-515590,['11-24-480-03843-802542'],1,1,[2433]
11-24-480-03846-515828,[],0,1,[1820]
11-24-480-03849-515936,[],0,1,[1812]
11-24-480-03849-515939,['11-24-480-03849-515933'],1,1,[1811]
11-24-480-03849-515988,"['11-24-480-03849-515960', '11-24-481-03860-516785', '11-24-480-03849-515975', '11-24-480-03849-515974']",4,1,[1819]
11-24-481-03850-516006,"['11-24-481-03850-516010', '11-24-475-03795-512466', '11-24-481-03850-516007']",3,1,[724]
11-24-481-03850-516007,"['11-24-481-03850-516010', '11-24-481-03850-516006', '11-24-475-03795-512466']",3,1,[724]
11-24-481-03850-516012,[],0,1,[225]
11-24-481-03850-516047,['11-24-481-03850-516044'],1,1,[226]
11-24-481-03851-516065,['11-24-481-03851-516071'],1,1,[983]
11-24-481-03851-516071,"['11-24-481-03851-516085', '11-24-481-03851-516065']",2,2,"[259, 983]"
11-24-481-03851-516108,['11-24-481-03851-516102'],1,1,[1877]
11-24-481-03852-516133,['11-24-481-03852-516134'],1,1,[449]
11-24-481-03854-516230,[],0,1,[1425]
11-24-481-03854-516250,['11-24-481-03854-516284'],1,1,[1867]
11-24-481-03855-516287,['11-24-481-03855-516288'],1,1,[970]
11-24-481-03855-516288,['11-24-481-03855-516287'],1,1,[970]
11-24-481-03856-516339,['11-24-481-03856-516340'],1,1,[980]
11-24-481-03856-516371,['11-24-481-03856-516414'],1,1,[975]
11-24-481-03856-516379,"['11-24-481-03856-516386', '11-24-481-03856-516380', '11-24-481-03856-516387']",3,2,"[1868, 1873]"
11-24-481-03856-516390,"['11-24-481-03856-516385', '11-24-481-03856-516391']",2,1,[1874]
11-24-481-03856-516391,"['11-24-481-03856-516385', '11-24-481-03856-516390']",2,1,[1874]
11-24-481-03857-516443,"['11-24-481-03857-516455', '11-24-481-03857-516442', '11-24-481-03857-516444']",3,1,[968]
11-24-481-03857-516455,"['11-24-481-03857-516444', '11-24-481-03857-516442', '11-24-481-03857-516443']",3,1,[968]
11-24-481-03859-516644,['11-24-481-03859-516653'],1,1,[171]
11-24-481-03860-516675,"['11-24-481-03860-516676', '11-24-481-03860-516694']",2,1,[1871]
11-24-481-03860-516676,"['11-24-481-03860-516675', '11-24-481-03860-516694']",2,1,[1871]
11-24-481-03860-516695,['11-24-481-03860-516704'],1,1,[972]
11-24-481-03860-516698,['11-24-481-03860-516700'],1,1,[973]
11-24-481-03860-516700,['11-24-481-03860-516698'],1,2,"[973, 977]"
11-24-481-03860-516770,"['11-24-481-03860-516771', '11-24-481-03860-516754']",2,1,[1870]
11-24-482-03862-516864,"['11-24-482-03862-516866', '11-24-482-03862-516865', '11-24-482-03865-516966', '11-24-482-03865-516969', '11-24-482-03865-516967', '11-24-482-03862-802558']",6,1,[139]
11-24-482-03863-516900,"['11-24-482-03863-516887', '11-24-482-03863-802559']",2,1,[733]
11-24-482-03863-516905,"['11-24-486-03897-519768', '11-24-482-03864-516918']",2,2,"[86, 110]"
11-24-482-03863-516907,"['11-24-482-03864-516919', '11-24-486-03897-519768']",2,2,"[419, 732]"
11-24-482-03864-516913,['11-24-482-03864-516910'],1,2,"[743, 1822]"
11-24-482-03864-516919,"['11-24-482-03864-516931', '11-24-486-03897-519768', '11-24-482-03863-516907']",3,2,"[732, 914]"
11-24-482-03864-516924,[],0,1,[1824]
11-24-482-03864-516931,"['11-24-482-03864-516932', '11-24-482-03864-516919']",2,2,"[914, 915]"
11-24-482-03864-516932,['11-24-482-03864-516931'],1,1,[915]
11-24-482-03864-516934,"['11-24-482-03864-802562', '11-24-482-03864-516946', '11-24-482-03864-516929']",3,1,[1823]
11-24-482-03864-516940,['11-24-482-03864-516944'],1,1,[1825]
11-24-482-03864-516944,['11-24-482-03864-516940'],1,1,[1825]
11-24-482-03865-516948,"['11-24-483-03876-517634', '11-24-483-03876-517633']",2,1,[1564]
11-24-482-03865-516956,['11-24-482-03865-516950'],1,1,[926]
11-24-482-03865-516966,"['11-24-482-03862-516866', '11-24-482-03862-516865', '11-24-482-03862-516864', '11-24-482-03865-516969', '11-24-482-03865-516967', '11-24-482-03862-802558']",6,1,[139]
11-24-482-03865-516969,"['11-24-482-03862-516866', '11-24-482-03862-516865', '11-24-482-03865-516966', '11-24-482-03862-516864', '11-24-482-03865-516967', '11-24-482-03862-802558']",6,1,[139]
11-24-482-03865-516979,"['11-24-482-03865-516986', '11-24-482-03865-802566']",2,1,[1835]
11-24-482-03865-517001,"['11-24-482-03867-517088', '11-24-482-03867-517083', '11-24-482-03867-517084']",3,2,"[1620, 1816]"
11-24-482-03866-517014,"['11-24-482-03866-517039', '11-24-482-03866-517016', '11-24-482-03866-517017']",3,1,[1837]
11-24-482-03866-517016,"['11-24-482-03866-517039', '11-24-482-03866-517014', '11-24-482-03866-517017']",3,1,[1837]
11-24-482-03866-517040,['11-24-482-03866-517015'],1,1,[928]
11-24-482-03866-517045,['11-24-482-03866-517039'],1,1,[1828]
11-24-482-03866-517051,[],0,3,"[257, 740, 1838]"
11-24-482-03866-517056,[],0,1,[927]
11-24-482-03866-517060,[],0,1,[1839]
11-24-482-03867-517067,"['11-24-482-03867-517069', '11-24-482-03867-517066', '11-24-482-03867-517070']",3,5,"[924, 925, 1246, 1769, 1817]"
11-24-482-03867-517069,['11-24-482-03867-517067'],1,1,[1246]
11-24-482-03867-517072,['11-24-482-03867-517071'],1,4,"[923, 1829, 1830, 1831]"
11-24-482-03867-517081,"['11-24-482-03867-517084', '11-24-482-03867-802568']",2,1,[1815]
11-24-482-03867-517084,"['11-24-482-03867-517083', '11-24-482-03865-517001', '11-24-482-03867-517081', '11-24-482-03867-802568', '11-24-482-03867-517088']",5,3,"[1620, 1815, 1816]"
11-24-482-03867-517088,"['11-24-482-03867-517083', '11-24-482-03867-517084', '11-24-482-03865-517001']",3,2,"[1620, 1816]"
11-24-482-03867-517123,"['11-24-482-03867-517124', '11-24-482-03867-517121', '11-24-482-03867-517122']",3,2,"[1518, 1653]"
11-24-482-03867-517124,"['11-24-482-03867-517121', '11-24-482-03867-517123', '11-24-482-03867-517122']",3,1,[1518]
11-24-482-03868-517130,['11-24-482-03868-517133'],1,2,"[80, 1676]"
11-24-482-03868-517131,"['11-24-482-03868-517132', '11-24-482-03868-517133']",2,1,[1826]
11-24-482-03868-517148,"['11-24-482-03868-517158', '11-24-482-03868-517155']",2,1,[920]
11-24-482-03868-517150,"['11-24-482-03868-517145', '11-24-482-03868-517144']",2,1,[919]
11-24-482-03868-517151,[],0,1,[918]
11-24-483-03869-517203,[],0,3,"[366, 709, 1422]"
11-24-483-03869-517206,"['11-24-483-03869-517228', '11-24-483-03869-517217', '11-24-483-03869-517207', '11-24-483-03869-517216', '11-24-483-03869-517218', '11-24-483-03869-517195', '11-24-483-03869-517215']",7,6,"[800, 1406, 1678, 1882, 1957, 2355]"
11-24-483-03869-517230,['11-24-483-03869-517231'],1,1,[237]
11-24-483-03869-517231,['11-24-483-03869-517230'],1,2,"[237, 2360]"
11-24-483-03869-517241,"['11-24-483-03869-517237', '11-24-483-03869-517239', '11-24-483-03869-517238', '11-24-483-03869-517242']",4,1,[2296]
11-24-483-03869-517247,['11-24-483-03869-517246'],1,1,[149]
11-24-483-03870-517271,"['11-24-483-03870-517274', '11-24-483-03870-517272', '11-24-483-03870-517273']",3,2,"[4, 2193]"
11-24-483-03870-517277,"['11-24-483-03870-517278', '11-24-483-03870-517274']",2,3,"[1252, 1256, 2175]"
11-24-483-03870-517283,"['11-24-472-03772-511052', '11-24-472-03772-511087', '11-24-472-03772-511088']",3,1,[111]
11-24-483-03870-517317,"['11-24-484-03882-518220', '11-24-483-03870-517314', '11-24-483-03870-517315', '11-24-484-03882-518187', '11-24-483-03870-517318']",5,1,[2191]
11-24-483-03871-517346,"['11-24-483-03871-517345', '11-24-483-03871-517344', '11-24-483-03871-517353']",3,6,"[285, 373, 1414, 1416, 2172, 2173]"
11-24-483-03872-517391,"['11-24-483-03872-517390', '11-24-483-03872-517395']",2,2,"[801, 1940]"
11-24-483-03872-517392,[],0,1,[804]
11-24-483-03872-517395,"['11-24-483-03872-517416', '11-24-483-03872-517391', '11-24-483-03872-517390']",3,7,"[679, 801, 802, 1677, 1933, 1950, 1955]"
11-24-483-03872-517406,[],0,2,"[993, 1515]"
11-24-483-03872-517416,['11-24-483-03872-517395'],1,1,[1933]
11-24-483-03873-517423,['11-24-483-03872-517382'],1,2,"[803, 1958]"
11-24-483-03873-517444,"['11-24-483-03877-517641', '11-24-483-03873-517442', '11-24-483-03873-517443']",3,2,"[1701, 1930]"
11-24-483-03875-517572,[],0,8,"[291, 299, 441, 629, 630, 634, 635, 741]"
11-24-483-03876-517586,['11-24-483-03876-517595'],1,3,"[1282, 1675, 2391]"
11-24-483-03876-517592,['11-24-482-03863-516873'],1,2,"[85, 2341]"
11-24-483-03876-517595,['11-24-483-03876-517586'],1,2,"[1282, 1690]"
11-24-483-03876-517613,['11-24-483-03876-517614'],1,4,"[114, 922, 2342, 2357]"
11-24-483-03876-517626,[],0,1,[1966]
11-24-483-03877-517643,['11-24-483-03877-517646'],1,2,"[147, 1315]"
11-24-483-03877-517666,"['11-24-483-03877-517677', '11-24-483-03877-517664', '11-24-483-03877-517665']",3,1,[1715]
11-24-483-03877-517677,"['11-24-483-03877-517666', '11-24-483-03877-517664', '11-24-483-03877-517665']",3,1,[1715]
11-24-483-03877-517681,"['11-24-483-03878-517752', '11-24-483-03878-517753']",2,1,[1056]
11-24-483-03878-517683,['11-24-483-03871-517359'],1,1,[81]
11-24-483-03878-517688,['11-24-483-03878-517708'],1,1,[1227]
11-24-483-03878-517719,['11-24-483-03878-517697'],1,1,[1055]
11-24-484-03879-517779,"['11-24-484-03879-517782', '11-24-484-03879-517791', '11-24-484-03879-517790', '11-24-484-03879-517786', '11-24-484-03879-517797']",5,1,[1495]
11-24-484-03879-517827,['11-24-484-03880-517885'],1,1,[2178]
11-24-484-03880-517865,"['11-24-484-03880-517896', '11-24-484-03880-517867', '11-24-484-03880-517878', '11-24-484-03880-517866']",4,2,"[2353, 2354]"
11-24-484-03880-517866,"['11-24-484-03880-517896', '11-24-484-03880-517867', '11-24-484-03880-517865', '11-24-484-03880-517878']",4,1,[2353]
11-24-484-03880-517867,"['11-24-484-03880-517896', '11-24-484-03880-517865', '11-24-484-03880-517878', '11-24-484-03880-517876', '11-24-484-03880-517866']",5,2,"[104, 2353]"
11-24-484-03880-517868,"['11-24-484-03880-517888', '11-24-484-03880-517873', '11-24-484-03880-517883']",3,1,[2177]
11-24-484-03880-517879,['11-24-484-03880-517878'],1,1,[2179]
11-24-484-03880-517883,"['11-24-484-03880-517868', '11-24-484-03880-517888', '11-24-484-03880-517873']",3,1,[2177]
11-24-484-03880-517885,['11-24-484-03879-517827'],1,2,"[1358, 2178]"
11-24-484-03880-517888,"['11-24-484-03880-517868', '11-24-484-03880-517873', '11-24-484-03880-517883']",3,1,[2177]
11-24-484-03880-517896,"['11-24-484-03880-517867', '11-24-484-03880-517865', '11-24-484-03880-517878', '11-24-484-03880-517866']",4,1,[2353]
11-24-484-03880-517902,[],0,1,[1279]
11-24-484-03880-517955,"['11-24-484-03880-517960', '11-24-484-03880-517959']",2,1,[1307]
11-24-484-03880-517960,"['11-24-484-03880-517959', '11-24-484-03880-517955']",2,1,[1307]
11-24-484-03880-517969,"['11-24-484-03880-517946', '11-24-484-03881-518024', '11-24-484-03880-517984', '11-24-484-03880-517925', '11-24-484-03881-518023', '11-24-484-03881-802582', '11-24-484-03881-517996']",7,1,[2189]
11-24-484-03880-517985,"['11-24-484-03881-518050', '11-24-484-03880-517986']",2,1,[1241]
11-24-484-03881-517996,"['11-24-484-03880-517969', '11-24-484-03880-517946', '11-24-484-03881-518024', '11-24-484-03880-517984', '11-24-484-03880-517925', '11-24-484-03881-518023', '11-24-484-03881-802582']",7,1,[2189]
11-24-484-03881-518004,"['11-24-484-03881-518006', '11-24-484-03881-518005']",2,1,[2183]
11-24-484-03881-518006,"['11-24-484-03881-518004', '11-24-484-03881-518017', '11-24-484-03881-518005']",3,2,"[2006, 2183]"
11-24-484-03881-518017,"['11-24-484-03881-518018', '11-24-484-03881-518006', '11-24-485-03890-519025']",3,2,"[2006, 2184]"
11-24-484-03881-518018,"['11-24-484-03881-518017', '11-24-485-03890-519025']",2,1,[2184]
11-24-484-03881-518024,"['11-24-484-03880-517969', '11-24-484-03880-517946', '11-24-484-03880-517984', '11-24-484-03880-517925', '11-24-484-03881-518023', '11-24-484-03881-802582', '11-24-484-03881-517996']",7,1,[2189]
11-24-484-03881-518080,"['11-24-484-03881-518129', '11-24-484-03881-518108', '11-24-484-03881-518107', '11-24-484-03881-518113']",4,1,[2186]
11-24-484-03881-518093,[],0,1,[431]
11-24-484-03881-518103,"['11-24-484-03881-518107', '11-24-484-03881-518106', '11-24-484-03881-518108', '11-24-484-03881-518116', '11-24-484-03881-518105', '11-24-484-03881-518127', '11-24-484-03881-518115']",7,1,[2185]
11-24-484-03881-518106,"['11-24-484-03881-518103', '11-24-484-03881-518107', '11-24-484-03881-518108', '11-24-484-03881-518116', '11-24-484-03881-518105', '11-24-484-03881-518127', '11-24-484-03881-518115']",7,1,[2185]
11-24-484-03881-518107,"['11-24-484-03881-518103', '11-24-484-03881-518080', '11-24-484-03881-518106', '11-24-484-03881-518108', '11-24-484-03881-518116', '11-24-484-03881-518113', '11-24-484-03881-518105', '11-24-484-03881-518127', '11-24-484-03881-518129', '11-24-484-03881-518115']",10,2,"[2185, 2186]"
11-24-484-03881-518108,"['11-24-484-03881-518103', '11-24-484-03881-518107', '11-24-484-03881-518080', '11-24-484-03881-518106', '11-24-484-03881-518116', '11-24-484-03881-518113', '11-24-484-03881-518105', '11-24-484-03881-518127', '11-24-484-03881-518129', '11-24-484-03881-518115']",10,2,"[2185, 2186]"
11-24-484-03881-518113,"['11-24-484-03881-518080', '11-24-484-03881-518129', '11-24-484-03881-518108', '11-24-484-03881-518107']",4,1,[2186]
11-24-484-03881-518115,"['11-24-484-03881-518103', '11-24-484-03881-518107', '11-24-484-03881-518106', '11-24-484-03881-518108', '11-24-484-03881-518116', '11-24-484-03881-518105', '11-24-484-03881-518127']",7,1,[2185]
11-24-484-03881-518116,"['11-24-484-03881-518103', '11-24-484-03881-518107', '11-24-484-03881-518106', '11-24-484-03881-518108', '11-24-484-03881-518105', '11-24-484-03881-518127', '11-24-484-03881-518115']",7,1,[2185]
11-24-484-03881-518123,"['11-24-484-03881-518139', '11-24-484-03881-518138']",2,1,[1558]
11-24-484-03881-518125,['11-24-484-03881-518126'],1,1,[1671]
11-24-484-03881-518126,['11-24-484-03881-518125'],1,1,[1671]
11-24-484-03881-518127,"['11-24-484-03881-518103', '11-24-484-03881-518107', '11-24-484-03881-518106', '11-24-484-03881-518108', '11-24-484-03881-518116', '11-24-484-03881-518105', '11-24-484-03881-518115']",7,1,[2185]
11-24-484-03881-518129,"['11-24-484-03881-518080', '11-24-484-03881-518108', '11-24-484-03881-518107', '11-24-484-03881-518113']",4,1,[2186]
11-24-484-03881-518138,"['11-24-484-03881-518123', '11-24-484-03881-518139']",2,1,[1558]
11-24-484-03882-518184,['11-24-484-03882-518186'],1,1,[619]
11-24-484-03882-518186,['11-24-484-03882-518184'],1,1,[619]
11-24-484-03882-518187,"['11-24-483-03870-517317', '11-24-484-03882-518220', '11-24-483-03870-517314', '11-24-483-03870-517315', '11-24-483-03870-517318']",5,1,[2191]
11-24-484-03882-518220,"['11-24-483-03870-517317', '11-24-483-03870-517314', '11-24-483-03870-517315', '11-24-484-03882-518187', '11-24-483-03870-517318']",5,1,[2191]
11-24-484-03883-518394,[],0,1,[2287]
11-24-484-03883-518401,['11-24-484-03883-518411'],1,1,[2330]
11-24-484-03883-518405,"['11-24-484-03883-518410', '11-24-484-03883-518406', '11-24-484-03883-518409']",3,1,[2329]
11-24-484-03883-518406,"['11-24-484-03883-518405', '11-24-484-03883-518410', '11-24-484-03883-518409']",3,1,[2329]
11-24-484-03883-518409,"['11-24-484-03883-518405', '11-24-484-03883-518410', '11-24-484-03883-518406']",3,1,[2329]
11-24-484-03883-518410,"['11-24-484-03883-518405', '11-24-484-03883-518406', '11-24-484-03883-518409']",3,1,[2329]
11-24-484-03883-518452,['11-24-484-03885-518537'],1,1,[1494]
11-24-484-03883-518453,[],0,1,[12]
11-24-484-03883-518454,[],0,1,[2051]
11-24-484-03883-518455,"['11-24-484-03883-518456', '11-24-484-03883-518468']",2,2,"[2257, 2401]"
11-24-484-03883-518456,['11-24-484-03883-518455'],1,1,[2257]
11-24-484-03883-518468,['11-24-484-03883-518455'],1,1,[2401]
11-24-484-03883-518469,[],0,1,[2270]
11-24-484-03883-518479,"['11-24-484-03885-518542', '11-24-484-03885-518543']",2,1,[290]
11-24-484-03884-518483,['11-24-484-03884-518484'],1,1,[746]
11-24-484-03884-518484,['11-24-484-03884-518483'],1,1,[746]
11-24-484-03884-518490,"['11-24-484-03884-518491', '11-24-484-03884-518532', '11-24-484-03884-518493', '11-24-484-03884-518495']",4,1,[2049]
11-24-484-03884-518491,"['11-24-484-03884-518532', '11-24-484-03884-518490', '11-24-484-03884-518495', '11-24-484-03884-518493']",4,1,[2049]
11-24-484-03884-518493,"['11-24-484-03884-518491', '11-24-484-03884-518532', '11-24-484-03884-518490', '11-24-484-03884-518495']",4,1,[2049]
11-24-484-03884-518495,"['11-24-484-03884-518491', '11-24-484-03884-518532', '11-24-484-03884-518490', '11-24-484-03884-518493']",4,1,[2049]
11-24-484-03884-518499,[],0,1,[122]
11-24-484-03884-518503,['11-24-485-03892-519238'],1,1,[809]
11-24-484-03884-518514,"['11-24-484-03884-518519', '11-24-484-03884-518520', '11-24-484-03884-518515']",3,1,[6]
11-24-484-03884-518515,"['11-24-484-03884-518520', '11-24-484-03884-518514', '11-24-484-03884-518519']",3,1,[6]
11-24-484-03884-518519,"['11-24-484-03884-518514', '11-24-484-03884-518520', '11-24-484-03884-518515']",3,1,[6]
11-24-484-03884-518522,"['11-24-484-03884-518521', '11-24-484-03884-518524']",2,1,[2046]
11-24-484-03884-518524,"['11-24-484-03884-518521', '11-24-484-03884-518522']",2,1,[2046]
11-24-484-03884-518526,['11-24-485-03895-519512'],1,1,[988]
11-24-484-03884-518527,['11-24-485-03895-519512'],1,1,[989]
11-24-484-03884-518528,"['11-24-484-03884-518529', '11-24-484-03885-518545']",2,1,[2052]
11-24-484-03884-518529,"['11-24-484-03884-518528', '11-24-484-03885-518545']",2,1,[2052]
11-24-484-03885-518541,['11-24-484-03885-518546'],1,1,[2298]
11-24-484-03885-518542,"['11-24-484-03885-518543', '11-24-484-03883-518479']",2,1,[290]
11-24-484-03885-518543,"['11-24-484-03885-518542', '11-24-484-03883-518479']",2,1,[290]
11-24-484-03885-518545,"['11-24-484-03884-518528', '11-24-484-03884-518529']",2,1,[2052]
11-24-484-03885-518546,"['11-24-484-03885-518573', '11-24-484-03885-518541']",2,2,"[2292, 2298]"
11-24-484-03885-518573,"['11-24-484-03885-518546', '11-24-484-03885-518574']",2,2,"[2040, 2292]"
11-24-484-03885-518574,['11-24-484-03885-518573'],1,1,[2040]
11-24-484-03885-518591,['11-24-484-03885-518605'],1,1,[2043]
11-24-484-03885-518604,"['11-24-484-03885-518628', '11-24-484-03885-518639']",2,1,[456]
11-24-484-03885-518635,"['11-24-485-03895-519543', '11-24-485-03895-519535']",2,1,[276]
11-24-484-03887-518725,['11-24-484-03887-518743'],1,1,[1799]
11-24-484-03887-518734,['11-24-484-03886-518703'],1,4,"[1103, 1104, 2034, 2403]"
11-24-484-03887-518743,['11-24-484-03887-518725'],1,1,[1799]
11-24-484-03887-518744,[],0,1,[2033]
11-24-484-03887-518761,[],0,1,[2035]
11-24-484-03887-518786,['11-24-484-03887-518787'],1,1,[1813]
11-24-484-03887-518787,['11-24-484-03887-518786'],1,1,[1813]
11-24-484-03888-518817,['11-24-484-03888-518822'],1,1,[23]
11-24-484-03888-518845,"['11-24-484-03888-802588', '11-24-484-03888-518862', '11-24-484-03888-518859', '11-24-484-03888-518844']",4,1,[1800]
11-24-484-03888-518869,"['11-24-484-03888-518871', '11-24-484-03888-518850', '11-24-484-03888-518873']",3,1,[2333]
11-24-484-03888-518871,"['11-24-484-03888-518873', '11-24-484-03888-518850', '11-24-484-03888-518869']",3,1,[2333]
11-24-484-03888-518873,"['11-24-484-03888-518871', '11-24-484-03888-518850', '11-24-484-03888-518869']",3,1,[2333]
11-24-484-03888-518881,"['11-24-484-03888-518882', '11-24-484-03888-518862', '11-24-484-03888-518863']",3,1,[1590]
11-24-484-03889-518953,['11-24-484-03889-518952'],1,1,[161]
11-24-484-03889-518954,"['11-24-484-03889-518948', '11-24-484-03889-518956']",2,1,[157]
11-24-485-03890-518992,['11-24-484-03881-518005'],1,1,[1902]
11-24-485-03890-519001,['11-24-485-03890-519003'],1,1,[235]
11-24-485-03890-519003,['11-24-485-03890-519001'],1,1,[235]
11-24-485-03890-519004,[],0,1,[336]
11-24-485-03890-519020,[],0,1,[1434]
11-24-485-03890-519025,"['11-24-484-03881-518018', '11-24-484-03881-518017']",2,1,[2184]
11-24-485-03890-519027,['11-24-485-03890-519024'],1,1,[356]
11-24-485-03890-519032,"['11-24-485-03890-519033', '11-24-485-03890-519035', '11-24-485-03890-519049']",3,3,"[249, 688, 1894]"
11-24-485-03890-519033,"['11-24-485-03890-519032', '11-24-485-03890-519035', '11-24-485-03890-519049']",3,3,"[688, 691, 1894]"
11-24-485-03890-519035,"['11-24-485-03890-519033', '11-24-485-03890-519032', '11-24-485-03890-519049']",3,2,"[691, 1894]"
11-24-485-03890-519042,['11-24-485-03890-519026'],1,1,[907]
11-24-485-03890-519046,"['11-24-485-03890-519047', '11-24-485-03890-519048', '11-24-485-03890-519056', '11-24-485-03890-519049']",4,2,"[381, 1896]"
11-24-485-03890-519048,"['11-24-485-03890-519046', '11-24-485-03890-519047', '11-24-485-03890-519056', '11-24-485-03890-519049']",4,2,"[381, 1896]"
11-24-485-03890-519049,"['11-24-485-03890-519033', '11-24-485-03890-519047', '11-24-485-03890-519048', '11-24-485-03890-519046', '11-24-485-03890-519032', '11-24-485-03890-519035']",6,3,"[691, 1894, 1896]"
11-24-485-03890-519053,[],0,1,[244]
11-24-485-03890-519056,"['11-24-485-03890-519047', '11-24-485-03890-519048', '11-24-485-03890-519073', '11-24-485-03890-519046', '11-24-485-03890-519063']",5,3,"[381, 1887, 1888]"
11-24-485-03890-519063,"['11-24-485-03890-519056', '11-24-485-03890-519073']",2,1,[1888]
11-24-485-03890-519073,"['11-24-485-03890-519056', '11-24-485-03890-519063']",2,1,[1888]
11-24-485-03890-519074,['11-24-485-03890-519077'],1,2,"[219, 1413]"
11-24-485-03890-519077,['11-24-485-03890-519074'],1,1,[219]
11-24-485-03890-519080,"['11-24-485-03890-519087', '11-24-485-03890-519082']",2,1,[250]
11-24-485-03890-519081,['11-24-485-03891-519104'],1,1,[254]
11-24-485-03890-519082,"['11-24-485-03890-519087', '11-24-485-03890-519080']",2,1,[250]
11-24-485-03890-519087,"['11-24-485-03890-519080', '11-24-485-03890-519082']",2,1,[250]
11-24-485-03891-519088,[],0,1,[1021]
11-24-485-03891-519089,"['11-24-485-03891-519090', '11-24-485-03891-519092']",2,1,[1926]
11-24-485-03891-519108,"['11-24-485-03891-519120', '11-24-485-03891-519111', '11-24-485-03891-519121', '11-24-485-03891-519112', '11-24-485-03891-519097']",5,1,[1774]
11-24-485-03891-519111,"['11-24-485-03891-519108', '11-24-485-03891-519120', '11-24-485-03891-519121', '11-24-485-03891-519112', '11-24-485-03891-519097']",5,1,[1774]
11-24-485-03891-519112,"['11-24-485-03891-519108', '11-24-485-03891-519120', '11-24-485-03891-519111', '11-24-485-03891-519121', '11-24-485-03891-519097']",5,2,"[253, 1774]"
11-24-485-03891-519119,"['11-24-485-03891-519120', '11-24-485-03891-802589']",2,2,"[1018, 1919]"
11-24-485-03891-519120,"['11-24-485-03891-519108', '11-24-485-03891-519111', '11-24-485-03891-519121', '11-24-485-03891-519122', '11-24-485-03891-519112', '11-24-485-03891-519097', '11-24-485-03891-519119', '11-24-485-03891-802589']",8,5,"[72, 253, 1774, 1919, 1925]"
11-24-485-03891-519121,"['11-24-485-03891-519108', '11-24-485-03891-519120', '11-24-485-03891-519111', '11-24-485-03891-519122', '11-24-485-03891-519112', '11-24-485-03891-519097']",6,2,"[72, 1774]"
11-24-485-03891-519124,"['11-24-485-03891-519182', '11-24-485-03891-519125', '11-24-485-03891-519183']",3,2,"[760, 1920]"
11-24-485-03891-519125,"['11-24-485-03891-519182', '11-24-485-03891-519124', '11-24-485-03891-519183', '11-24-485-03891-519126']",4,3,"[760, 1377, 1920]"
11-24-485-03891-519126,"['11-24-485-03891-519179', '11-24-485-03891-519125', '11-24-485-03891-519180']",3,2,"[1377, 2317]"
11-24-485-03891-519145,"['11-24-485-03891-519152', '11-24-485-03891-519147', '11-24-485-03891-519135', '11-24-485-03891-519143', '11-24-485-03891-519146', '11-24-485-03891-519150', '11-24-485-03891-519156', '11-24-485-03891-519139', '11-24-485-03891-519148']",9,2,"[176, 1376]"
11-24-485-03891-519147,"['11-24-485-03891-519133', '11-24-485-03891-519152', '11-24-485-03891-519135', '11-24-485-03891-519143', '11-24-485-03891-519145', '11-24-485-03891-519146', '11-24-485-03891-519150', '11-24-485-03891-519156', '11-24-485-03891-519139', '11-24-485-03891-519148']",10,2,"[1376, 1778]"
11-24-485-03891-519150,"['11-24-485-03891-519152', '11-24-485-03891-519135', '11-24-485-03891-519143', '11-24-485-03891-519147', '11-24-485-03891-519145', '11-24-485-03891-519146', '11-24-485-03891-519156', '11-24-485-03891-519139', '11-24-485-03891-519148']",9,2,"[176, 1376]"
11-24-485-03891-519152,"['11-24-485-03891-519139', '11-24-485-03891-519153', '11-24-485-03891-519135', '11-24-485-03891-519143', '11-24-485-03891-519142', '11-24-485-03891-519147', '11-24-485-03891-519145', '11-24-485-03891-519159', '11-24-485-03891-519146', '11-24-485-03891-519150', '11-24-485-03891-519141', '11-24-485-03891-519148', '11-24-485-03891-519156', '11-24-485-03891-519144', '11-24-485-03891-519154']",15,3,"[176, 1376, 1779]"
11-24-485-03891-519154,"['11-24-485-03891-519152', '11-24-485-03891-519153', '11-24-485-03891-519142', '11-24-485-03891-519159', '11-24-485-03891-519144', '11-24-485-03891-519141']",6,1,[1779]
11-24-485-03891-519156,"['11-24-485-03891-519152', '11-24-485-03891-519135', '11-24-485-03891-519143', '11-24-485-03891-519147', '11-24-485-03891-519145', '11-24-485-03891-519146', '11-24-485-03891-519150', '11-24-485-03891-519139', '11-24-485-03891-519148']",9,2,"[176, 1376]"
11-24-485-03891-519159,"['11-24-485-03891-519152', '11-24-485-03891-519153', '11-24-485-03891-519142', '11-24-485-03891-519154', '11-24-485-03891-519144', '11-24-485-03891-519141']",6,1,[1779]
11-24-485-03891-519169,"['11-24-485-03891-519167', '11-24-485-03892-519251', '11-24-485-03891-519168', '11-24-485-03892-519254', '11-24-485-03892-519239']",5,2,"[66, 2295]"
11-24-485-03891-519180,"['11-24-485-03891-519179', '11-24-485-03891-519126']",2,1,[2317]
11-24-485-03891-519182,"['11-24-485-03891-519124', '11-24-485-03891-519125', '11-24-485-03891-519183']",3,2,"[760, 1920]"
11-24-485-03891-519183,"['11-24-485-03891-519182', '11-24-485-03891-519124', '11-24-485-03891-519125']",3,2,"[760, 1920]"
11-24-485-03891-519187,[],0,1,[252]
11-24-485-03891-519188,['11-24-485-03891-519189'],1,2,"[1019, 1023]"
11-24-485-03891-519189,['11-24-485-03891-519188'],1,1,[1019]
11-24-485-03891-519209,"['11-24-485-03891-519211', '11-24-485-03891-519224', '11-24-485-03891-519226', '11-24-485-03891-519225', '11-24-485-03891-519210']",5,2,"[77, 1020]"
11-24-485-03891-519210,"['11-24-485-03891-519211', '11-24-485-03891-519209']",2,1,[77]
11-24-485-03891-519211,"['11-24-485-03891-519209', '11-24-485-03891-519224', '11-24-485-03891-519226', '11-24-485-03891-519225', '11-24-485-03891-519210']",5,2,"[77, 1020]"
11-24-485-03891-519214,"['11-24-485-03891-519216', '11-24-485-03891-519217', '11-24-485-03892-519312', '11-24-485-03891-519218', '11-24-485-03891-519219']",5,2,"[1773, 2291]"
11-24-485-03891-519216,['11-24-485-03891-519214'],1,1,[1773]
11-24-485-03891-519217,"['11-24-485-03891-519214', '11-24-485-03891-519218', '11-24-485-03891-519219', '11-24-485-03892-519312']",4,1,[2291]
11-24-485-03891-519219,"['11-24-485-03891-519217', '11-24-485-03891-519214', '11-24-485-03891-519218', '11-24-485-03892-519312']",4,1,[2291]
11-24-485-03891-519225,"['11-24-485-03891-519211', '11-24-485-03891-519209', '11-24-485-03891-519224', '11-24-485-03891-519226', '11-24-485-03891-519229']",5,2,"[1020, 2259]"
11-24-485-03891-519226,"['11-24-485-03891-519224', '11-24-485-03891-519225', '11-24-485-03891-519211', '11-24-485-03891-519209']",4,1,[1020]
11-24-485-03891-519228,[],0,1,[251]
11-24-485-03891-519229,['11-24-485-03891-519225'],1,1,[2259]
11-24-485-03892-519238,"['11-24-485-03892-519252', '11-24-484-03884-518503', '11-24-485-03892-519254', '11-24-485-03892-519253']",4,2,"[809, 1928]"
11-24-485-03892-519239,"['11-24-485-03892-519257', '11-24-485-03891-519167', '11-24-485-03891-519169', '11-24-485-03892-519251', '11-24-485-03891-519168', '11-24-485-03892-519254']",6,3,"[66, 745, 2295]"
11-24-485-03892-519249,['11-24-485-03892-519250'],1,1,[1635]
11-24-485-03892-519251,"['11-24-485-03892-519257', '11-24-485-03891-519167', '11-24-485-03891-519169', '11-24-485-03891-519168', '11-24-485-03892-519254', '11-24-485-03892-519239']",6,2,"[745, 2295]"
11-24-485-03892-519257,"['11-24-485-03892-519239', '11-24-485-03892-519251', '11-24-485-03892-519254', '11-24-485-03891-519167']",4,1,[745]
11-24-485-03892-519260,['11-24-485-03892-519272'],1,1,[1905]
11-24-485-03892-519293,"['11-24-485-03892-519329', '11-24-485-03892-519330', '11-24-485-03892-519312', '11-24-485-03892-519292', '11-24-485-03892-519335']",5,1,[1906]
11-24-485-03892-519301,"['11-24-485-03892-519303', '11-24-485-03892-519319', '11-24-485-03892-519318']",3,1,[1308]
11-24-485-03892-519312,"['11-24-485-03892-519329', '11-24-485-03892-519330', '11-24-485-03891-519217', '11-24-485-03892-519292', '11-24-485-03891-519214', '11-24-485-03892-519293', '11-24-485-03892-519335', '11-24-485-03891-519218', '11-24-485-03891-519219']",9,2,"[1906, 2291]"
11-24-485-03892-519318,"['11-24-485-03892-519303', '11-24-485-03892-519301', '11-24-485-03892-519319']",3,1,[1308]
11-24-485-03892-519323,"['11-24-485-03892-519341', '11-24-485-03892-519342']",2,1,[1009]
11-24-485-03892-519325,"['11-24-485-03892-519337', '11-24-485-03892-519324']",2,1,[1008]
11-24-485-03892-519329,"['11-24-485-03892-519330', '11-24-485-03892-519312', '11-24-485-03892-519292', '11-24-485-03892-519293', '11-24-485-03892-519335']",5,2,"[1225, 1906]"
11-24-485-03892-519330,"['11-24-485-03892-519329', '11-24-485-03892-519312', '11-24-485-03892-519292', '11-24-485-03892-519293', '11-24-485-03892-519335']",5,2,"[1225, 1906]"
11-24-485-03892-519335,"['11-24-485-03892-519329', '11-24-485-03892-519330', '11-24-485-03892-519312', '11-24-485-03892-519292', '11-24-485-03892-519293']",5,1,[1906]
11-24-485-03892-519341,"['11-24-485-03892-519342', '11-24-485-03892-519323']",2,1,[1009]
11-24-485-03892-519350,['11-24-485-03892-519351'],1,1,[546]
11-24-485-03892-519354,"['11-24-485-03892-519353', '11-24-485-03892-519342']",2,1,[1007]
11-24-485-03892-519356,"['11-24-485-03892-519357', '11-24-485-03892-519370', '11-24-485-03892-519363']",3,1,[136]
11-24-485-03892-519357,"['11-24-485-03892-519356', '11-24-485-03892-519370', '11-24-485-03892-519363']",3,1,[136]
11-24-485-03892-519366,[],0,2,"[137, 1306]"
11-24-485-03892-519370,"['11-24-485-03892-519356', '11-24-485-03892-519357', '11-24-485-03892-519377', '11-24-485-03892-519363']",4,3,"[136, 796, 1598]"
11-24-485-03892-519374,"['11-24-485-03892-519387', '11-24-485-03892-519385', '11-24-485-03892-519384', '11-24-485-03892-519388']",4,1,[1907]
11-24-485-03892-519377,"['11-24-485-03892-519370', '11-24-485-03892-519363']",2,2,"[796, 1598]"
11-24-485-03892-519379,[],0,1,[1560]
11-24-485-03892-519380,"['11-24-485-03896-519612', '11-24-485-03896-519609', '11-24-485-03892-519381']",3,2,"[807, 1889]"
11-24-485-03892-519381,['11-24-485-03892-519380'],1,3,"[807, 1240, 1908]"
11-24-485-03892-519384,"['11-24-485-03892-519387', '11-24-485-03892-519374', '11-24-485-03892-519385', '11-24-485-03892-519388']",4,1,[1907]
11-24-485-03892-519388,"['11-24-485-03892-519387', '11-24-485-03892-519385', '11-24-485-03892-519374', '11-24-485-03892-519384']",4,2,"[135, 1907]"
11-24-485-03893-519393,[],0,2,"[1472, 1473]"
11-24-485-03893-519429,"['11-24-485-03893-519451', '11-24-485-03893-519432', '11-24-485-03893-519450']",3,1,[422]
11-24-485-03893-519433,"['11-24-485-03893-519449', '11-24-485-03893-519457', '11-24-485-03893-519434']",3,1,[1878]
11-24-485-03893-519450,"['11-24-485-03893-519451', '11-24-485-03893-519429', '11-24-485-03893-519432']",3,1,[422]
11-24-485-03893-519457,"['11-24-485-03893-519449', '11-24-485-03893-519433', '11-24-485-03893-519434']",3,1,[1878]
11-24-485-03894-519480,['11-24-485-03894-519479'],1,2,"[1915, 1916]"
11-24-485-03894-519497,"['11-24-485-03894-519496', '11-24-485-03894-519506']",2,1,[1420]
11-24-485-03894-519505,['11-24-485-03894-519511'],1,1,[1912]
11-24-485-03894-519507,['11-24-485-03894-519498'],1,1,[1917]
11-24-485-03894-519511,['11-24-485-03894-519505'],1,2,"[781, 1912]"
11-24-485-03895-519512,"['11-24-484-03884-518527', '11-24-484-03884-518526']",2,2,"[988, 989]"
11-24-485-03895-519516,[],0,2,"[1577, 1589]"
11-24-485-03895-519528,"['11-24-485-03895-519538', '11-24-485-03895-519534', '11-24-485-03895-802591']",3,1,[1884]
11-24-485-03895-519532,[],0,1,[1387]
11-24-485-03895-519534,"['11-24-485-03895-519538', '11-24-485-03895-519528', '11-24-485-03895-802591']",3,1,[1884]
11-24-485-03895-519535,"['11-24-484-03885-518635', '11-24-485-03895-519543']",2,1,[276]
11-24-485-03895-519538,"['11-24-485-03895-519541', '11-24-485-03895-519534', '11-24-485-03895-519528', '11-24-485-03895-802591']",4,2,"[985, 1884]"
11-24-485-03895-519541,['11-24-485-03895-519538'],1,1,[985]
11-24-485-03895-519543,"['11-24-484-03885-518635', '11-24-485-03895-519535']",2,1,[276]
11-24-485-03895-519546,"['11-24-485-03895-519557', '11-24-485-03895-519561']",2,1,[990]
11-24-485-03895-519553,"['11-24-485-03895-519563', '11-24-485-03895-519555', '11-24-485-03895-519564', '11-24-485-03895-519554']",4,1,[1682]
11-24-485-03895-519554,"['11-24-485-03895-519564', '11-24-485-03895-519563', '11-24-485-03895-519555', '11-24-485-03895-519553']",4,1,[1682]
11-24-485-03895-519555,"['11-24-485-03895-519563', '11-24-485-03895-519564', '11-24-485-03895-519553', '11-24-485-03895-519554']",4,1,[1682]
11-24-485-03895-519557,"['11-24-485-03895-519561', '11-24-485-03895-519546']",2,1,[990]
11-24-485-03895-519561,"['11-24-485-03895-519557', '11-24-485-03895-519546']",2,1,[990]
11-24-485-03895-519563,"['11-24-485-03895-519572', '11-24-485-03895-519555', '11-24-485-03895-519564', '11-24-485-03895-519573', '11-24-485-03895-519571', '11-24-485-03895-519554', '11-24-485-03895-519553']",7,2,"[1682, 1881]"
11-24-485-03895-519564,"['11-24-485-03895-519563', '11-24-485-03895-519555', '11-24-485-03895-519553', '11-24-485-03895-519554']",4,1,[1682]
11-24-485-03895-519565,"['11-24-485-03895-519570', '11-24-485-03895-519566']",2,1,[986]
11-24-485-03895-519566,"['11-24-485-03895-519565', '11-24-485-03895-519570']",2,1,[986]
11-24-485-03895-519570,"['11-24-485-03895-519565', '11-24-485-03895-519571', '11-24-485-03895-519583', '11-24-485-03895-519566']",4,2,"[986, 1452]"
11-24-485-03895-519572,"['11-24-485-03895-519573', '11-24-485-03895-519563', '11-24-485-03895-519571']",3,2,"[1881, 1883]"
11-24-485-03895-519573,"['11-24-485-03895-519563', '11-24-485-03895-519572', '11-24-485-03895-519571']",3,1,[1881]
11-24-485-03895-519583,"['11-24-485-03895-519570', '11-24-485-03895-519571']",2,2,"[1452, 2427]"
11-24-485-03895-519588,"['11-24-485-03895-519591', '11-24-485-03895-519589']",2,1,[987]
11-24-485-03895-519589,"['11-24-485-03895-519588', '11-24-485-03895-519591']",2,1,[987]
11-24-485-03896-519606,['11-24-485-03896-519607'],1,1,[1886]
11-24-485-03896-519607,['11-24-485-03896-519606'],1,3,"[1886, 1890, 1891]"
11-24-485-03896-519609,"['11-24-485-03896-519612', '11-24-485-03892-519380']",2,1,[1889]
11-24-485-03896-519612,"['11-24-485-03896-519609', '11-24-485-03892-519380']",2,1,[1889]
11-24-485-03896-519624,['11-24-485-03896-519625'],1,2,"[1885, 1893]"
11-24-485-03896-519625,['11-24-485-03896-519624'],1,1,[1885]
11-24-485-03896-519633,"['11-24-485-03896-519635', '11-24-485-03896-519632']",2,1,[1685]
11-24-485-03896-519635,"['11-24-485-03896-519632', '11-24-485-03896-519633']",2,1,[1685]
11-24-485-03896-519645,['11-24-485-03896-519646'],1,1,[2271]
11-24-485-03896-519654,['11-24-485-03896-519641'],1,1,[1196]
11-24-485-03896-519656,['11-24-485-03896-519657'],1,1,[1053]
11-24-485-03896-519658,[],0,1,[748]
11-24-485-03896-519661,"['11-24-485-03896-519662', '11-24-485-03896-519663']",2,1,[1054]
11-24-485-03896-519662,"['11-24-485-03896-519661', '11-24-485-03896-519663']",2,1,[1054]
11-24-486-03899-519941,['11-24-486-03899-519955'],1,1,[140]
11-24-486-03903-520590,"['11-24-486-03903-520614', '11-24-486-03903-520650', '11-24-486-03903-520641', '11-24-486-03903-520579', '11-24-486-03903-520580', '11-24-486-03903-520623', '11-24-486-03903-520589', '11-24-486-03903-520556', '11-24-486-03903-520672', '11-24-486-03903-520591', '11-24-486-03903-520642', '11-24-486-03903-520615']",12,3,"[202, 1204, 1276]"
11-24-486-03903-520716,"['11-24-486-03903-520707', '11-24-486-03903-520708']",2,1,[2181]
11-24-487-03909-521266,['11-24-487-03909-521272'],1,1,[1130]
11-24-487-03909-521268,['11-24-487-03909-521270'],1,1,[298]
11-24-487-03909-521283,"['11-24-487-03909-521264', '11-24-487-03909-521274']",2,1,[1687]
11-24-487-03909-521339,"['11-24-487-03909-521338', '11-24-487-03909-521340', '11-24-487-03909-521335', '11-24-487-03909-521343', '11-24-487-03909-521337', '11-24-487-03909-521344']",6,2,"[1087, 1967]"
11-24-487-03910-521405,"['11-24-486-03903-520693', '11-24-487-03910-521406']",2,1,[1553]
11-24-487-03910-521409,"['11-24-487-03910-521411', '11-24-487-03910-521410']",2,1,[552]
11-24-487-03910-521413,"['11-24-487-03910-521453', '11-24-487-03910-521452']",2,1,[1562]
11-24-487-03910-521417,"['11-24-487-03910-521416', '11-24-487-03910-521415']",2,2,"[2011, 2012]"
11-24-487-03910-521460,"['11-24-487-03910-521462', '11-24-487-03910-521463', '11-24-487-03910-521459']",3,1,[2013]
11-24-487-03910-521463,"['11-24-487-03910-521460', '11-24-487-03910-521462', '11-24-487-03910-521459']",3,2,"[585, 2013]"
11-24-487-03910-521510,['11-24-487-03910-521493'],1,2,"[1503, 1988]"
11-24-487-03910-521526,['11-24-487-03910-521527'],1,3,"[557, 1555, 2008]"
11-24-487-03910-521537,"['11-24-487-03910-521539', '11-24-487-03910-521538']",2,2,"[2009, 2010]"
11-24-487-03910-521538,"['11-24-487-03910-521537', '11-24-487-03910-521539']",2,1,[2010]
11-24-487-03910-521543,"['11-24-488-03917-522271', '11-24-487-03910-521545', '11-24-487-03910-521544']",3,1,[2014]
11-24-487-03910-521544,"['11-24-488-03917-522271', '11-24-487-03910-521545', '11-24-487-03910-521543']",3,1,[2014]
11-24-487-03910-521545,"['11-24-488-03917-522271', '11-24-487-03910-521544', '11-24-487-03910-521543']",3,1,[2014]
11-24-487-03911-521575,"['11-24-487-03911-521599', '11-24-487-03911-521600', '11-24-487-03911-521559', '11-24-487-03910-521553', '11-24-487-03910-521554', '11-24-487-03911-521740']",6,2,"[184, 1996]"
11-24-487-03911-521600,"['11-24-487-03911-521740', '11-24-487-03911-521575', '11-24-487-03911-521599']",3,2,"[1085, 1996]"
11-24-487-03911-521607,"['11-24-487-03911-521631', '11-24-487-03911-521606', '11-24-487-03911-521630', '11-24-487-03911-521634', '11-24-487-03911-521605', '11-24-487-03911-521632', '11-24-487-03911-521629']",7,1,[2001]
11-24-487-03911-521613,"['11-24-487-03911-521756', '11-24-487-03911-521612', '11-24-487-03911-521623', '11-24-487-03911-521769']",4,2,"[2000, 2005]"
11-24-487-03911-521618,['11-24-487-03911-521591'],1,2,"[1081, 1404]"
11-24-487-03911-521664,['11-24-487-03911-521663'],1,1,[1981]
11-24-487-03911-521669,"['11-24-487-03911-521665', '11-24-487-03911-521666', '11-24-487-03911-521667', '11-24-487-03911-521668', '11-24-487-03911-521699', '11-24-487-03911-521700']",6,1,[1084]
11-24-487-03911-521696,"['11-24-487-03911-521699', '11-24-487-03911-521697', '11-24-487-03911-521695', '11-24-487-03911-521706']",4,1,[2007]
11-24-487-03911-521706,"['11-24-487-03911-521697', '11-24-487-03911-521695', '11-24-487-03911-521717', '11-24-487-03911-521696', '11-24-487-03911-521722', '11-24-487-03911-521699']",6,2,"[1082, 2007]"
11-24-487-03911-521715,"['11-24-487-03911-521714', '11-24-487-03911-521724', '11-24-487-03911-521709', '11-24-487-03911-521713', '11-24-487-03911-521716']",5,1,[1510]
11-24-487-03911-521716,"['11-24-487-03911-521714', '11-24-487-03911-521715', '11-24-487-03911-521724', '11-24-487-03911-521709', '11-24-487-03911-521713']",5,1,[1510]
11-24-487-03912-521790,"['11-24-487-03912-521800', '11-24-487-03912-521791', '11-24-487-03912-521799', '11-24-487-03912-521792']",4,2,"[1262, 2016]"
11-24-487-03912-521799,"['11-24-487-03912-521790', '11-24-487-03912-521800']",2,1,[2016]
11-24-487-03912-521803,[],0,1,[916]
11-24-487-03912-521825,"['11-24-487-03912-521815', '11-24-487-03912-521826']",2,2,"[1264, 2015]"
11-24-487-03912-521826,"['11-24-487-03912-521815', '11-24-487-03912-521825']",2,1,[2015]
11-24-487-03912-521852,"['11-24-487-03912-521855', '11-24-487-03912-521841']",2,1,[2205]
11-24-487-03912-521855,"['11-24-487-03912-521857', '11-24-487-03912-521841', '11-24-487-03912-521856', '11-24-487-03912-521852']",4,2,"[2205, 2352]"
11-24-488-03913-521869,['11-24-488-03913-521871'],1,1,[1397]
11-24-488-03913-521896,"['11-24-488-03913-521887', '11-24-488-03913-521894', '11-24-488-03913-521871', '11-24-488-03913-521911', '11-24-488-03913-521889', '11-24-488-03913-521888']",6,1,[1367]
11-24-488-03913-521899,"['11-24-488-03913-521900', '11-24-488-03913-521908']",2,1,[1364]
11-24-488-03913-521900,"['11-24-488-03913-521899', '11-24-488-03913-521908']",2,1,[1364]
11-24-488-03913-521916,"['11-24-488-03913-521927', '11-24-488-03913-521937', '11-24-488-03913-521935', '11-24-488-03913-521938', '11-24-488-03913-521928', '11-24-488-03913-521929', '11-24-488-03913-521936']",7,1,[1003]
11-24-488-03914-521951,"['11-24-488-03914-521968', '11-24-488-03914-521956', '11-24-488-03914-521953', '11-24-488-03914-521952']",4,1,[1629]
11-24-488-03914-521952,"['11-24-488-03914-521968', '11-24-488-03914-521956', '11-24-488-03914-521953', '11-24-488-03914-521951']",4,1,[1629]
11-24-488-03914-521953,"['11-24-488-03914-521968', '11-24-488-03914-521956', '11-24-488-03914-521951', '11-24-488-03914-521952']",4,1,[1629]
11-24-488-03914-521956,"['11-24-488-03914-521968', '11-24-488-03914-521953', '11-24-488-03914-521951', '11-24-488-03914-521952']",4,1,[1629]
11-24-488-03914-521959,['11-24-488-03914-802605'],1,1,[353]
11-24-488-03914-521960,[],0,1,[1583]
11-24-488-03914-521976,"['11-24-488-03914-521989', '11-24-488-03914-521979', '11-24-488-03914-521988', '11-24-488-03914-521968', '11-24-488-03914-521966']",5,1,[1858]
11-24-488-03914-521979,"['11-24-488-03914-521989', '11-24-488-03914-521976', '11-24-488-03914-521988', '11-24-488-03914-521968', '11-24-488-03914-521966']",5,1,[1858]
11-24-488-03914-521989,"['11-24-488-03914-521976', '11-24-488-03914-521979', '11-24-488-03914-521988', '11-24-488-03914-521968', '11-24-488-03914-521966']",5,2,"[1858, 1865]"
11-24-488-03915-522014,['11-24-488-03915-522019'],1,1,[1534]
11-24-488-03915-522018,"['11-24-488-03915-522037', '11-24-488-03915-522041', '11-24-488-03915-522054', '11-24-488-03915-522062', '11-24-488-03915-522064', '11-24-488-03915-522036', '11-24-488-03915-522040', '11-24-488-03915-522038', '11-24-488-03915-522055']",9,1,[755]
11-24-488-03915-522019,['11-24-488-03915-522014'],1,1,[1534]
11-24-488-03915-522040,"['11-24-488-03915-522037', '11-24-488-03915-522041', '11-24-488-03915-522054', '11-24-488-03915-522062', '11-24-488-03915-522064', '11-24-488-03915-522018', '11-24-488-03915-522036', '11-24-488-03915-522038', '11-24-488-03915-522055']",9,1,[755]
11-24-488-03915-522042,['11-24-488-03915-522053'],1,1,[408]
11-24-488-03915-522048,"['11-24-488-03915-522009', '11-24-488-03915-522030', '11-24-488-03915-522029']",3,1,[1866]
11-24-488-03915-522054,"['11-24-488-03915-522037', '11-24-488-03915-522041', '11-24-488-03915-522062', '11-24-488-03915-522064', '11-24-488-03915-522018', '11-24-488-03915-522036', '11-24-488-03915-522040', '11-24-488-03915-522038', '11-24-488-03915-522055']",9,1,[755]
11-24-488-03915-522055,"['11-24-488-03915-522037', '11-24-488-03915-522041', '11-24-488-03915-522054', '11-24-488-03915-522062', '11-24-488-03915-522064', '11-24-488-03915-522018', '11-24-488-03915-522036', '11-24-488-03915-522040', '11-24-488-03915-522038']",9,1,[755]
11-24-488-03917-522325,['11-24-488-03917-522327'],1,1,[1106]
11-24-488-03917-522327,['11-24-488-03917-522325'],1,1,[1106]
11-24-488-03918-522336,"['11-24-488-03918-522337', '11-24-488-03918-522338']",2,1,[960]
11-24-488-03918-522376,"['11-24-488-03919-522421', '11-24-488-03918-522377', '11-24-488-03918-522384', '11-24-488-03918-522362', '11-24-488-03919-522408', '11-24-488-03919-522420', '11-24-488-03918-522383', '11-24-492-03933-802627']",8,2,"[674, 961]"
11-24-488-03918-522377,"['11-24-488-03918-522384', '11-24-488-03919-522421', '11-24-488-03918-522376', '11-24-492-03933-802627']",4,1,[674]
11-24-488-03918-522378,['11-24-488-03918-802610'],1,1,[963]
11-24-488-03918-522383,"['11-24-488-03919-522408', '11-24-488-03918-522362', '11-24-488-03918-522376', '11-24-488-03919-522420']",4,1,[961]
11-24-488-03918-522384,"['11-24-488-03918-522377', '11-24-488-03919-522421', '11-24-488-03918-522376', '11-24-492-03933-802627']",4,1,[674]
11-24-488-03919-522418,"['11-24-488-03919-522402', '11-24-488-03919-522413', '11-24-488-03919-522419']",3,1,[962]
11-24-488-03920-522456,[],0,1,[965]
11-24-488-03920-522462,[],0,1,[262]
11-24-488-03920-522473,['11-24-488-03920-522480'],1,1,[260]
11-24-488-03920-522531,[],0,1,[823]
11-24-490-03922-522906,"['11-24-490-03922-522891', '11-24-490-03922-522905', '11-24-490-03922-522907']",3,1,[2024]
11-24-490-03924-522994,[],0,2,"[1527, 1528]"
11-24-490-03924-523003,['11-24-490-03924-523008'],1,1,[2022]
11-24-490-03924-523004,[],0,1,[2020]
11-24-490-03924-523030,['11-24-490-03924-523025'],1,3,"[175, 300, 1089]"
11-24-490-03925-523077,[],0,1,[1732]
11-24-490-03925-523096,"['11-24-490-03925-523090', '11-24-490-03925-523105']",2,2,"[324, 1421]"
11-24-490-03925-523098,['11-24-490-03925-523101'],1,1,[517]
11-24-490-03925-523101,"['11-24-490-03925-523098', '11-24-490-03925-523113']",2,4,"[514, 517, 847, 2017]"
11-24-490-03925-523102,"['11-24-490-03925-523111', '11-24-490-03925-523110']",2,1,[1997]
11-24-490-03925-523109,"['11-24-490-03925-523119', '11-24-490-03925-523120']",2,2,"[855, 1645]"
11-24-490-03925-523111,"['11-24-490-03925-523115', '11-24-490-03925-523102', '11-24-490-03925-523110']",3,2,"[551, 1997]"
11-24-490-03925-523113,['11-24-490-03925-523101'],1,1,[514]
11-24-490-03925-523117,"['11-24-490-03925-523125', '11-24-490-03925-523127', '11-24-490-03925-523118']",3,1,[1505]
11-24-490-03925-523118,"['11-24-490-03925-523125', '11-24-490-03925-523127', '11-24-490-03925-523117']",3,1,[1505]
11-24-490-03925-523125,"['11-24-490-03925-523127', '11-24-490-03925-523123', '11-24-491-03928-523324', '11-24-490-03925-523117', '11-24-490-03925-523118', '11-24-490-03925-523126']",6,3,"[856, 1505, 2019]"
11-24-490-03925-523126,"['11-24-490-03925-523125', '11-24-490-03925-523127', '11-24-491-03928-523324']",3,1,[2019]
11-24-490-03926-523135,"['11-24-490-03926-523134', '11-24-490-03926-523141', '11-24-490-03926-523138', '11-24-490-03926-523170', '11-24-490-03926-523139', '11-24-490-03926-523169', '11-24-490-03926-523157']",7,1,[2030]
11-24-490-03926-523139,"['11-24-490-03926-523135', '11-24-490-03926-523134', '11-24-490-03926-523141', '11-24-490-03926-523138', '11-24-490-03926-523170', '11-24-490-03926-523169', '11-24-490-03926-523157']",7,2,"[782, 2030]"
11-24-490-03926-523148,"['11-24-490-03926-523150', '11-24-490-03926-523176']",2,1,[1095]
11-24-490-03926-523150,"['11-24-490-03926-523148', '11-24-490-03926-523176', '11-24-490-03926-523151']",3,2,"[1095, 1584]"
11-24-490-03926-523154,['11-24-490-03926-523155'],1,1,[827]
11-24-490-03926-523155,['11-24-490-03926-523154'],1,1,[827]
11-24-490-03926-523157,"['11-24-490-03926-523156', '11-24-490-03926-523135', '11-24-490-03926-523134', '11-24-490-03926-523141', '11-24-490-03926-523138', '11-24-490-03926-523170', '11-24-490-03926-523139', '11-24-490-03926-523169', '11-24-490-03926-523171']",9,4,"[659, 826, 1094, 2030]"
11-24-490-03926-523159,"['11-24-490-03926-523161', '11-24-490-03926-523160', '11-24-490-03926-523168', '11-24-490-03926-523170', '11-24-490-03926-523162']",5,1,[1641]
11-24-490-03926-523160,"['11-24-490-03926-523161', '11-24-490-03926-523168', '11-24-490-03926-523166', '11-24-490-03926-523165', '11-24-490-03926-523170', '11-24-490-03926-523159', '11-24-490-03926-523162']",7,2,"[1624, 1641]"
11-24-490-03926-523162,"['11-24-489-03921-522561', '11-24-490-03926-523161', '11-24-490-03926-523160', '11-24-489-03921-522641', '11-24-489-03921-522681', '11-24-489-03921-522598', '11-24-489-03921-522640', '11-24-493-03945-524860', '11-24-489-03921-522600', '11-24-489-03921-522597', '11-24-489-03921-522842', '11-24-490-03926-523168', '11-24-490-03926-523170', '11-24-489-03921-522599', '11-24-493-03945-524839', '11-24-490-03926-523159', '11-24-493-03945-524850', '11-24-493-03945-524840']",18,2,"[1641, 1939]"
11-24-490-03926-523165,"['11-24-490-03926-523166', '11-24-490-03926-523160']",2,1,[1624]
11-24-490-03926-523166,"['11-24-490-03926-523164', '11-24-490-03926-523186', '11-24-490-03926-523165', '11-24-490-03926-523160']",4,3,"[838, 839, 1624]"
11-24-490-03926-523170,"['11-24-490-03926-523135', '11-24-490-03926-523161', '11-24-490-03926-523160', '11-24-490-03926-523157', '11-24-490-03926-523134', '11-24-490-03926-523141', '11-24-490-03926-523138', '11-24-490-03926-523168', '11-24-490-03926-523139', '11-24-490-03926-523169', '11-24-490-03926-523159', '11-24-490-03926-523162']",12,3,"[826, 1641, 2030]"
11-24-490-03926-523171,"['11-24-490-03926-523156', '11-24-490-03926-523157', '11-24-490-03926-523173']",3,6,"[50, 503, 509, 528, 659, 1094]"
11-24-490-03926-523172,[],0,1,[771]
11-24-490-03926-523173,['11-24-490-03926-523171'],1,1,[503]
11-24-490-03926-523177,[],0,2,"[1696, 2327]"
11-24-490-03926-523194,"['11-24-490-03926-523203', '11-24-490-03926-523204', '11-24-490-03926-523193']",3,5,"[58, 502, 761, 762, 1697]"
11-24-490-03926-523197,"['11-24-490-03926-523201', '11-24-490-03926-523196']",2,2,"[549, 784]"
11-24-490-03926-523203,"['11-24-490-03926-523226', '11-24-490-03926-523196', '11-24-490-03926-523184', '11-24-490-03926-523194']",4,3,"[278, 1697, 2027]"
11-24-490-03926-523204,"['11-24-490-03926-523194', '11-24-490-03926-523193']",2,1,[58]
11-24-490-03926-523210,['11-24-490-03926-523202'],1,1,[2028]
11-24-491-03928-523324,"['11-24-490-03925-523125', '11-24-490-03925-523127', '11-24-490-03925-523126']",3,1,[2019]
11-24-491-03928-523327,"['11-24-491-03928-523328', '11-24-490-03925-523130']",2,3,"[602, 1134, 1353]"
11-24-491-03928-523330,[],0,3,"[1135, 1136, 1224]"
11-24-491-03928-523332,[],0,1,[1210]
11-24-491-03928-523333,[],0,1,[297]
11-24-491-03928-523336,"['11-24-491-03928-523337', '11-24-491-03928-523338']",2,2,"[1344, 2140]"
11-24-491-03928-523337,"['11-24-491-03928-523336', '11-24-491-03928-523338']",2,4,"[333, 440, 1344, 2140]"
11-24-491-03928-523338,"['11-24-491-03928-523336', '11-24-491-03928-523337']",2,3,"[243, 327, 2140]"
11-24-491-03928-523342,"['11-24-491-03928-523343', '11-24-491-03928-523341']",2,1,[1209]
11-24-491-03928-523345,['11-24-491-03928-523344'],1,1,[806]
11-24-491-03928-523346,['11-24-491-03928-523331'],1,1,[1345]
11-24-491-03928-523351,['11-24-491-03927-523305'],1,1,[1272]
11-24-491-03928-523353,[],0,1,[649]
11-24-491-03928-523364,"['11-24-491-03928-523369', '11-24-491-03928-523399', '11-24-491-03928-523372', '11-24-491-03928-523370']",4,2,"[756, 2142]"
11-24-491-03928-523366,"['11-24-491-03928-523365', '11-24-491-03928-523369']",2,3,"[1208, 1447, 2137]"
11-24-491-03928-523370,"['11-24-491-03928-523399', '11-24-491-03928-523369', '11-24-491-03928-523364', '11-24-491-03928-523372']",4,5,"[3, 227, 228, 1444, 2142]"
11-24-491-03928-523372,"['11-24-491-03928-523399', '11-24-491-03928-523369', '11-24-491-03928-523364', '11-24-491-03928-523370']",4,1,[2142]
11-24-491-03928-523380,['11-24-491-03928-523388'],1,2,"[505, 1543]"
11-24-491-03928-523388,"['11-24-491-03928-523387', '11-24-491-03928-523380', '11-24-491-03928-523381']",3,4,"[128, 311, 1212, 1543]"
11-24-491-03928-523389,[],0,1,[200]
11-24-491-03928-523392,"['11-24-491-03928-523391', '11-24-491-03928-523390']",2,1,[2141]
11-24-491-03928-523404,"['11-24-491-03928-523423', '11-24-491-03928-523422', '11-24-491-03928-523418', '11-24-491-03928-523421', '11-24-491-03928-523396', '11-24-491-03928-523419']",6,3,"[1369, 1597, 2143]"
11-24-491-03928-523409,"['11-24-491-03928-523411', '11-24-491-03928-523412']",2,1,[2146]
11-24-491-03928-523411,"['11-24-491-03928-523409', '11-24-491-03928-523412']",2,1,[2146]
11-24-491-03928-523421,"['11-24-491-03928-523423', '11-24-491-03928-523404', '11-24-491-03928-523422', '11-24-491-03928-523418', '11-24-491-03928-523419']",5,1,[1597]
11-24-491-03928-523422,"['11-24-491-03928-523423', '11-24-491-03928-523404', '11-24-491-03928-523418', '11-24-491-03928-523421', '11-24-491-03928-523419']",5,1,[1597]
11-24-491-03928-523423,"['11-24-491-03928-523404', '11-24-491-03928-523422', '11-24-491-03928-523418', '11-24-491-03928-523421', '11-24-491-03928-523419']",5,1,[1597]
11-24-491-03929-523473,['11-24-491-03929-523482'],1,1,[1213]
11-24-491-03930-523515,"['11-24-491-03930-523523', '11-24-491-03930-523514', '11-24-491-03930-523524', '11-24-491-03930-523525', '11-24-491-03930-523522']",5,1,[2346]
11-24-491-03930-523521,"['11-24-491-03930-523542', '11-24-491-03930-523545', '11-24-491-03930-523522', '11-24-491-03930-523565']",4,4,"[1448, 1449, 1768, 2153]"
11-24-491-03930-523523,"['11-24-491-03930-523514', '11-24-491-03930-523515', '11-24-491-03930-523524', '11-24-491-03930-523525', '11-24-491-03930-523522']",5,1,[2346]
11-24-491-03930-523525,"['11-24-491-03930-523523', '11-24-491-03930-523514', '11-24-491-03930-523515', '11-24-491-03930-523524', '11-24-491-03930-523522']",5,2,"[246, 2346]"
11-24-491-03930-523532,"['11-24-491-03930-523531', '11-24-491-03930-523553', '11-24-491-03930-523554']",3,2,"[144, 2150]"
11-24-491-03930-523537,"['11-24-491-03930-523535', '11-24-491-03930-523536', '11-24-491-03930-523550', '11-24-491-03930-523528', '11-24-491-03930-523538', '11-24-491-03928-523426']",6,2,"[1222, 2155]"
11-24-491-03930-523538,"['11-24-491-03930-523550', '11-24-491-03930-523537', '11-24-491-03930-523528']",3,1,[2155]
11-24-491-03930-523539,['11-24-491-03930-523546'],1,2,"[471, 1220]"
11-24-491-03930-523540,[],0,3,"[221, 490, 491]"
11-24-491-03930-523543,['11-24-491-03930-523544'],1,4,"[222, 1348, 1349, 2160]"
11-24-491-03930-523546,"['11-24-491-03930-523539', '11-24-491-03930-523561', '11-24-491-03930-523562']",3,4,"[196, 436, 489, 1220]"
11-24-491-03930-523547,['11-24-491-03930-523558'],1,1,[2156]
11-24-491-03930-523548,"['11-24-491-03930-523557', '11-24-491-03930-523570', '11-24-491-03930-523571']",3,1,[1532]
11-24-491-03930-523550,"['11-24-491-03930-523538', '11-24-491-03930-523537', '11-24-491-03930-523528']",3,1,[2155]
11-24-491-03930-523553,"['11-24-491-03930-523532', '11-24-491-03930-523535', '11-24-491-03930-523534', '11-24-491-03930-523531', '11-24-491-03930-523554', '11-24-491-03930-523552']",6,2,"[2150, 2158]"
11-24-491-03930-523554,"['11-24-491-03930-523531', '11-24-491-03930-523532', '11-24-491-03930-523553']",3,1,[2150]
11-24-491-03930-523557,"['11-24-491-03930-523548', '11-24-491-03930-523570', '11-24-491-03930-523579', '11-24-491-03930-523571']",4,3,"[1532, 1533, 1536]"
11-24-491-03930-523560,[],0,1,[2321]
11-24-491-03930-523565,"['11-24-491-03930-523521', '11-24-491-03930-523545', '11-24-491-03930-523522', '11-24-491-03930-523542']",4,2,"[618, 2153]"
11-24-491-03930-523569,"['11-24-491-03930-523581', '11-24-491-03930-523562']",2,1,[2152]
11-24-491-03930-523570,"['11-24-491-03930-523548', '11-24-491-03930-523557', '11-24-491-03930-523571']",3,1,[1532]
11-24-491-03930-523571,"['11-24-491-03930-523548', '11-24-491-03930-523557', '11-24-491-03930-523580', '11-24-491-03930-523570', '11-24-491-03930-523591']",5,4,"[468, 473, 1221, 1532]"
11-24-491-03930-523577,['11-24-491-03930-523578'],1,1,[158]
11-24-491-03930-523579,['11-24-491-03930-523557'],1,2,"[474, 1533]"
11-24-491-03930-523580,"['11-24-491-03930-523571', '11-24-491-03930-523591']",2,1,[1221]
11-24-491-03930-523581,"['11-24-491-03930-523569', '11-24-491-03930-523562']",2,3,"[328, 378, 2152]"
11-24-491-03930-523585,"['11-24-491-03930-523611', '11-24-491-03930-523586', '11-24-491-03930-523605', '11-24-491-03930-523604']",4,4,"[2144, 2151, 2159, 2162]"
11-24-491-03930-523587,['11-24-491-03930-523604'],1,1,[1242]
11-24-491-03930-523589,"['11-24-491-03930-523602', '11-24-491-03930-523590']",2,1,[89]
11-24-491-03930-523590,"['11-24-491-03930-523613', '11-24-491-03930-523602', '11-24-491-03930-523623', '11-24-491-03930-523589']",4,2,"[89, 2154]"
11-24-491-03930-523598,[],0,1,[1324]
11-24-491-03930-523599,[],0,1,[593]
11-24-491-03930-523601,"['11-24-491-03930-523617', '11-24-491-03930-523616', '11-24-491-03930-523615', '11-24-491-03930-523614', '11-24-491-03930-523622']",5,1,[256]
11-24-491-03930-523602,"['11-24-491-03930-523623', '11-24-491-03930-523615', '11-24-491-03930-523590', '11-24-491-03930-523614', '11-24-491-03930-523613', '11-24-491-03930-523589']",6,3,"[89, 1556, 2154]"
11-24-491-03930-523604,"['11-24-491-03930-523611', '11-24-491-03930-523586', '11-24-491-03930-523585', '11-24-491-03930-523587']",4,2,"[1242, 2144]"
11-24-491-03930-523605,"['11-24-491-03930-523586', '11-24-491-03930-523606', '11-24-491-03930-523585']",3,3,"[2159, 2161, 2162]"
11-24-491-03930-523607,[],0,2,"[2093, 2149]"
11-24-491-03930-523611,"['11-24-491-03930-523586', '11-24-491-03930-523585', '11-24-491-03930-523604']",3,1,[2144]
11-24-491-03930-523614,"['11-24-491-03930-523617', '11-24-491-03930-523602', '11-24-491-03930-523601', '11-24-491-03930-523616', '11-24-491-03930-523615', '11-24-491-03930-523622']",6,2,"[256, 1556]"
11-24-491-03930-523616,"['11-24-491-03930-523617', '11-24-491-03930-523601', '11-24-491-03930-523615', '11-24-491-03930-523614', '11-24-491-03930-523622']",5,2,"[186, 256]"
11-24-491-03930-523617,"['11-24-491-03930-523601', '11-24-491-03930-523616', '11-24-491-03930-523615', '11-24-491-03930-523614', '11-24-491-03930-523622']",5,1,[256]
11-24-491-03930-523635,['11-24-491-03930-523634'],1,3,"[338, 521, 2366]"
11-24-491-03931-523664,['11-24-491-03931-523665'],1,1,[614]
11-24-492-03932-523686,"['11-24-492-03932-523688', '11-24-492-03932-523687', '11-24-492-03932-523685']",3,2,"[130, 1192]"
11-24-492-03932-523689,"['11-24-492-03932-523688', '11-24-492-03932-523709']",2,1,[1291]
11-24-492-03932-523738,['11-24-492-03932-523766'],1,1,[1314]
11-24-492-03932-523783,[],0,1,[103]
11-24-492-03934-523884,"['11-24-492-03934-523883', '11-24-492-03934-523894', '11-24-492-03934-523893', '11-24-492-03934-523885', '11-24-492-03934-523887']",5,2,"[2108, 2306]"
11-24-492-03936-524113,"['11-24-492-03936-524112', '11-24-492-03936-524111']",2,1,[365]
11-24-492-03936-524118,"['11-24-492-03936-524129', '11-24-492-03936-524130', '11-24-492-03936-524114']",3,2,"[415, 1430]"
11-24-492-03940-524297,"['11-24-493-03946-524867', '11-24-492-03940-524295', '11-24-492-03940-524296', '11-24-492-03940-524294', '11-24-492-03940-524298']",5,5,"[38, 294, 391, 1475, 2100]"
11-24-492-03940-524328,"['11-24-492-03940-524325', '11-24-492-03940-524317']",2,1,[2039]
11-24-493-03942-524418,['11-24-493-03942-524419'],1,1,[1393]
11-24-493-03942-524431,['11-24-493-03942-524432'],1,2,"[1401, 1402]"
11-24-493-03942-524432,['11-24-493-03942-524431'],1,3,"[266, 1401, 1402]"
11-24-493-03942-524434,[],0,4,"[267, 485, 671, 1177]"
11-24-493-03942-524484,[],0,1,[2116]
11-24-493-03944-524560,"['11-24-493-03944-524577', '11-24-493-03944-524562']",2,3,"[1565, 1566, 2112]"
11-24-493-03944-524574,"['11-24-493-03944-524579', '11-24-493-03944-524580', '11-24-493-03944-524577', '11-24-493-03944-524591', '11-24-493-03944-524589', '11-24-493-03944-524575', '11-24-493-03944-524590']",7,1,[470]
11-24-493-03944-524579,"['11-24-493-03944-524580', '11-24-493-03944-524574', '11-24-493-03944-524577', '11-24-493-03944-524591', '11-24-493-03944-524589', '11-24-493-03944-524575', '11-24-493-03944-524578', '11-24-493-03944-524590', '11-24-493-03944-524593']",9,3,"[470, 2122, 2123]"
11-24-493-03944-524589,"['11-24-493-03944-524579', '11-24-493-03944-524580', '11-24-493-03944-524574', '11-24-493-03944-524577', '11-24-493-03944-524591', '11-24-493-03944-524575', '11-24-493-03944-524590']",7,1,[470]
11-24-493-03944-524590,"['11-24-493-03944-524579', '11-24-493-03944-524580', '11-24-493-03944-524574', '11-24-493-03944-524577', '11-24-493-03944-524591', '11-24-493-03944-524589', '11-24-493-03944-524575']",7,2,"[470, 1181]"
11-24-493-03944-524595,"['11-24-493-03945-524738', '11-24-493-03944-524594', '11-24-493-03944-524593']",3,1,[2120]
11-24-493-03944-524607,"['11-24-493-03944-802635', '11-24-493-03944-524608', '11-24-493-03944-524602']",3,1,[2113]
11-24-493-03944-524650,"['11-24-493-03944-524646', '11-24-493-03945-524789']",2,2,"[1111, 2304]"
11-24-493-03945-524718,['11-24-493-03945-524720'],1,1,[1666]
11-24-493-03945-524723,[],0,1,[1107]
11-24-493-03945-524736,['11-24-493-03945-524735'],1,1,[2134]
11-24-493-03945-524743,"['11-24-493-03945-524745', '11-24-493-03946-524870', '11-24-493-03945-524744', '11-24-493-03945-524733']",4,2,"[1748, 1749]"
11-24-493-03945-524745,"['11-24-493-03945-524743', '11-24-493-03946-524870', '11-24-493-03945-524733']",3,2,"[1198, 1749]"
11-24-493-03945-524760,['11-24-493-03945-524769'],1,5,"[195, 581, 1411, 1579, 1580]"
11-24-493-03945-524771,"['11-24-493-03945-524776', '11-24-493-03944-524647', '11-24-493-03944-524648']",3,1,[2121]
11-24-493-03945-524780,"['11-24-493-03946-524895', '11-24-493-03945-524779']",2,3,"[1193, 1395, 1396]"
11-24-493-03945-524790,['11-24-493-03945-524796'],1,4,"[851, 1588, 1750, 1751]"
11-24-493-03945-524798,"['11-24-493-03945-524797', '11-24-493-03945-524788']",2,4,"[626, 627, 1664, 2125]"
11-24-493-03945-524800,"['11-24-493-03945-524801', '11-24-493-03945-524812', '11-24-493-03945-524813', '11-24-493-03945-524814']",4,1,[2131]
11-24-493-03945-524807,"['11-24-492-03941-524405', '11-24-493-03945-524806', '11-24-492-03941-524407', '11-24-492-03941-524406', '11-24-492-03941-524404']",5,2,"[829, 1636]"
11-24-493-03945-524812,"['11-24-493-03945-524825', '11-24-493-03945-524800', '11-24-493-03945-524801', '11-24-493-03945-524814', '11-24-493-03945-524829', '11-24-493-03945-524827', '11-24-493-03945-524828', '11-24-493-03945-524824', '11-24-493-03945-524813', '11-24-493-03945-524826']",10,7,"[852, 1191, 1332, 1521, 1759, 2126, 2131]"
11-24-493-03945-524836,"['11-24-493-03945-524838', '11-24-493-03945-524841', '11-24-493-03945-524839', '11-24-493-03945-524837', '11-24-493-03945-524842']",5,4,"[1190, 1586, 1707, 2389]"
11-24-493-03945-524842,['11-24-493-03945-524836'],1,2,"[355, 1707]"
11-24-493-03945-524844,"['11-24-493-03945-524833', '11-24-493-03945-524830', '11-24-493-03945-524831', '11-24-493-03945-524809', '11-24-493-03945-524832', '11-24-493-03945-524843', '11-24-493-03945-524853']",7,9,"[308, 488, 496, 588, 1520, 1644, 1650, 1667, 2414]"
